2026-08-31 18:29:48,712 INFO o.a.j.u.JMeterUtils: Setting Locale to en_EN
2026-08-31 18:29:48,727 INFO o.a.j.JMeter: Loading user properties from: user.properties
2026-08-31 18:29:48,728 INFO o.a.j.JMeter: Loading system properties from: system.properties
2026-08-31 18:29:48,731 INFO o.a.j.JMeter: Copyright (c) 1998-2024 The Apache Software Foundation
2026-08-31 18:29:48,732 INFO o.a.j.JMeter: Version 5.6.3
2026-08-31 18:29:48,732 INFO o.a.j.JMeter: java.version=17.0.20
2026-08-31 18:29:48,732 INFO o.a.j.JMeter: java.vm.name=OpenJDK 64-Bit Server VM
2026-08-31 18:29:48,732 INFO o.a.j.JMeter: os.name=Linux
2026-08-31 18:29:48,732 INFO o.a.j.JMeter: os.arch=amd64
2026-08-31 18:29:48,732 INFO o.a.j.JMeter: os.version=7.0.0-30-generic
2026-08-31 18:29:48,732 INFO o.a.j.JMeter: file.encoding=UTF-8
2026-08-31 18:29:48,732 INFO o.a.j.JMeter: java.awt.headless=null
2026-08-31 18:29:48,732 INFO o.a.j.JMeter: Max memory     =1073741824
2026-08-31 18:29:48,732 INFO o.a.j.JMeter: Available Processors =2
2026-08-31 18:29:48,739 INFO o.a.j.JMeter: Default Locale=English (EN)
2026-08-31 18:29:48,739 INFO o.a.j.JMeter: JMeter  Locale=English (EN)
2026-08-31 18:29:48,739 INFO o.a.j.JMeter: JMeterHome=/home/clouddx/apache-jmeter-5.6.3
2026-08-31 18:29:48,739 INFO o.a.j.JMeter: user.dir  =/home/clouddx/QUEUING/apache-jmeter-5.6.3/bin
2026-08-31 18:29:48,739 INFO o.a.j.JMeter: PWD       =/home/clouddx/QUEUING/apache-jmeter-5.6.3/bin
2026-08-31 18:29:48,739 INFO o.a.j.JMeter: IP: 127.0.1.1 Name: clouddx-VMware-Virtual-Platform FullName: clouddx-VMware-Virtual-Platform
2026-08-31 18:29:48,752 INFO o.a.j.JMeter: Loaded icon properties from org/apache/jmeter/images/icon.properties
2026-08-31 18:29:49,051 INFO o.a.j.JMeterGuiLauncher: Setting LAF to: com.github.weisj.darklaf.DarkLaf:com.github.weisj.darklaf.theme.DarculaTheme
2026-08-31 18:38:15,204 INFO o.a.j.p.h.s.HTTPSamplerBase: Parser for text/html is org.apache.jmeter.protocol.http.parser.LagartoBasedHtmlParser
2026-08-31 18:38:15,204 INFO o.a.j.p.h.s.HTTPSamplerBase: Parser for application/xhtml+xml is org.apache.jmeter.protocol.http.parser.LagartoBasedHtmlParser
2026-08-31 18:38:15,204 INFO o.a.j.p.h.s.HTTPSamplerBase: Parser for application/xml is org.apache.jmeter.protocol.http.parser.LagartoBasedHtmlParser
2026-08-31 18:38:15,205 INFO o.a.j.p.h.s.HTTPSamplerBase: Parser for text/xml is org.apache.jmeter.protocol.http.parser.LagartoBasedHtmlParser
2026-08-31 18:38:15,205 INFO o.a.j.p.h.s.HTTPSamplerBase: Parser for text/vnd.wap.wml is org.apache.jmeter.protocol.http.parser.RegexpHTMLParser
2026-08-31 18:38:15,205 INFO o.a.j.p.h.s.HTTPSamplerBase: Parser for text/css is org.apache.jmeter.protocol.http.parser.CssParser
2026-09-01 09:16:50,389 INFO o.a.j.s.SampleResult: Note: Sample TimeStamps are START times
2026-09-01 09:16:50,390 INFO o.a.j.s.SampleResult: sampleresult.default.encoding is set to UTF-8
2026-09-01 09:16:50,390 INFO o.a.j.s.SampleResult: sampleresult.useNanoTime=true
2026-09-01 09:16:50,391 INFO o.a.j.s.SampleResult: sampleresult.nanoThreadSleep=5000
2026-09-01 09:17:11,818 INFO o.a.j.e.StandardJMeterEngine: Running the test!
2026-09-01 09:17:11,820 INFO o.a.j.s.SampleEvent: List of sample_variables: []
2026-09-01 09:17:11,820 INFO o.a.j.s.SampleEvent: List of sample_variables: []
2026-09-01 09:17:11,821 INFO o.a.j.e.u.CompoundVariable: Note: Function class names must contain the string: '.functions.'
2026-09-01 09:17:11,821 INFO o.a.j.e.u.CompoundVariable: Note: Function class names must not contain the string: '.gui.'
2026-09-01 09:17:11,943 INFO o.a.j.g.u.JMeterMenuBar: setRunning(true, *local*)
2026-09-01 09:17:12,018 INFO o.a.j.e.StandardJMeterEngine: Starting ThreadGroup: 1 : Thread Group
2026-09-01 09:17:12,018 INFO o.a.j.e.StandardJMeterEngine: Starting 50 threads for group Thread Group.
2026-09-01 09:17:12,018 INFO o.a.j.e.StandardJMeterEngine: Thread will continue on error
2026-09-01 09:17:12,018 INFO o.a.j.t.ThreadGroup: Starting thread group... number=1 threads=50 ramp-up=60 delayedStart=false
2026-09-01 09:17:12,021 INFO o.a.j.t.JMeterThread: Thread started: Thread Group 1-1
2026-09-01 09:17:12,057 INFO o.a.j.t.JMeterThread: Thread is done: Thread Group 1-1
2026-09-01 09:17:12,057 INFO o.a.j.t.JMeterThread: Thread finished: Thread Group 1-1
2026-09-01 09:17:12,067 INFO o.a.j.t.ThreadGroup: Started thread group number 1
2026-09-01 09:17:12,067 INFO o.a.j.e.StandardJMeterEngine: All thread groups have been started
2026-09-01 09:17:13,220 INFO o.a.j.t.JMeterThread: Thread started: Thread Group 1-2
2026-09-01 09:17:13,222 INFO o.a.j.t.JMeterThread: Thread is done: Thread Group 1-2
2026-09-01 09:17:13,222 INFO o.a.j.t.JMeterThread: Thread finished: Thread Group 1-2
2026-09-01 09:17:14,419 INFO o.a.j.t.JMeterThread: Thread started: Thread Group 1-3
2026-09-01 09:17:14,426 INFO o.a.j.t.JMeterThread: Thread is done: Thread Group 1-3
2026-09-01 09:17:14,427 INFO o.a.j.t.JMeterThread: Thread finished: Thread Group 1-3
2026-09-01 09:17:15,619 INFO o.a.j.t.JMeterThread: Thread started: Thread Group 1-4
2026-09-01 09:17:15,620 INFO o.a.j.t.JMeterThread: Thread is done: Thread Group 1-4
2026-09-01 09:17:15,620 INFO o.a.j.t.JMeterThread: Thread finished: Thread Group 1-4
2026-09-01 09:17:16,819 INFO o.a.j.t.JMeterThread: Thread started: Thread Group 1-5
2026-09-01 09:17:16,826 INFO o.a.j.t.JMeterThread: Thread is done: Thread Group 1-5
2026-09-01 09:17:16,828 INFO o.a.j.t.JMeterThread: Thread finished: Thread Group 1-5
2026-09-01 09:17:18,018 INFO o.a.j.t.JMeterThread: Thread started: Thread Group 1-6
2026-09-01 09:17:18,019 INFO o.a.j.t.JMeterThread: Thread is done: Thread Group 1-6
2026-09-01 09:17:18,019 INFO o.a.j.t.JMeterThread: Thread finished: Thread Group 1-6
2026-09-01 09:17:19,220 INFO o.a.j.t.JMeterThread: Thread started: Thread Group 1-7
2026-09-01 09:17:19,222 INFO o.a.j.t.JMeterThread: Thread is done: Thread Group 1-7
2026-09-01 09:17:19,222 INFO o.a.j.t.JMeterThread: Thread finished: Thread Group 1-7
2026-09-01 09:17:20,421 INFO o.a.j.t.JMeterThread: Thread started: Thread Group 1-8
2026-09-01 09:17:20,422 INFO o.a.j.t.JMeterThread: Thread is done: Thread Group 1-8
2026-09-01 09:17:20,422 INFO o.a.j.t.JMeterThread: Thread finished: Thread Group 1-8
2026-09-01 09:17:21,623 INFO o.a.j.t.JMeterThread: Thread started: Thread Group 1-9
2026-09-01 09:17:21,625 INFO o.a.j.t.JMeterThread: Thread is done: Thread Group 1-9
2026-09-01 09:17:21,625 INFO o.a.j.t.JMeterThread: Thread finished: Thread Group 1-9
2026-09-01 09:17:21,709 INFO o.a.j.g.a.Start: Stopping test
2026-09-01 09:17:21,733 INFO o.a.j.t.JMeterThread: Stopping: Thread Group 1-28
2026-09-01 09:17:21,733 INFO o.a.j.t.JMeterThread: Stopping: Thread Group 1-42
2026-09-01 09:17:21,735 INFO o.a.j.t.JMeterThread: Thread started: Thread Group 1-28
2026-09-01 09:17:21,735 INFO o.a.j.t.JMeterThread: Thread finished: Thread Group 1-28
2026-09-01 09:17:21,736 INFO o.a.j.t.JMeterThread: Thread started: Thread Group 1-42
2026-09-01 09:17:21,736 INFO o.a.j.t.JMeterThread: Thread finished: Thread Group 1-42
2026-09-01 09:17:21,736 INFO o.a.j.t.JMeterThread: Stopping: Thread Group 1-20
2026-09-01 09:17:21,736 INFO o.a.j.t.JMeterThread: Stopping: Thread Group 1-13
2026-09-01 09:17:21,736 INFO o.a.j.t.JMeterThread: Stopping: Thread Group 1-14
2026-09-01 09:17:21,736 INFO o.a.j.t.JMeterThread: Stopping: Thread Group 1-37
2026-09-01 09:17:21,736 INFO o.a.j.t.JMeterThread: Stopping: Thread Group 1-30
2026-09-01 09:17:21,736 INFO o.a.j.t.JMeterThread: Stopping: Thread Group 1-19
2026-09-01 09:17:21,736 INFO o.a.j.t.JMeterThread: Stopping: Thread Group 1-35
2026-09-01 09:17:21,737 INFO o.a.j.t.JMeterThread: Stopping: Thread Group 1-46
2026-09-01 09:17:21,737 INFO o.a.j.t.JMeterThread: Stopping: Thread Group 1-50
2026-09-01 09:17:21,737 INFO o.a.j.t.JMeterThread: Stopping: Thread Group 1-32
2026-09-01 09:17:21,737 INFO o.a.j.t.JMeterThread: Stopping: Thread Group 1-29
2026-09-01 09:17:21,737 INFO o.a.j.t.JMeterThread: Stopping: Thread Group 1-25
2026-09-01 09:17:21,737 INFO o.a.j.t.JMeterThread: Thread started: Thread Group 1-37
2026-09-01 09:17:21,737 INFO o.a.j.t.JMeterThread: Stopping: Thread Group 1-48
2026-09-01 09:17:21,737 INFO o.a.j.t.JMeterThread: Stopping: Thread Group 1-40
2026-09-01 09:17:21,737 INFO o.a.j.t.JMeterThread: Stopping: Thread Group 1-18
2026-09-01 09:17:21,737 INFO o.a.j.t.JMeterThread: Stopping: Thread Group 1-12
2026-09-01 09:17:21,737 INFO o.a.j.t.JMeterThread: Thread started: Thread Group 1-46
2026-09-01 09:17:21,737 INFO o.a.j.t.JMeterThread: Thread finished: Thread Group 1-46
2026-09-01 09:17:21,737 INFO o.a.j.t.JMeterThread: Thread started: Thread Group 1-32
2026-09-01 09:17:21,738 INFO o.a.j.t.JMeterThread: Thread finished: Thread Group 1-32
2026-09-01 09:17:21,738 INFO o.a.j.t.JMeterThread: Thread started: Thread Group 1-29
2026-09-01 09:17:21,738 INFO o.a.j.t.JMeterThread: Thread finished: Thread Group 1-29
2026-09-01 09:17:21,738 INFO o.a.j.t.JMeterThread: Thread started: Thread Group 1-40
2026-09-01 09:17:21,738 INFO o.a.j.t.JMeterThread: Thread started: Thread Group 1-20
2026-09-01 09:17:21,739 INFO o.a.j.t.JMeterThread: Thread finished: Thread Group 1-40
2026-09-01 09:17:21,739 INFO o.a.j.t.JMeterThread: Thread started: Thread Group 1-13
2026-09-01 09:17:21,737 INFO o.a.j.t.JMeterThread: Thread finished: Thread Group 1-37
2026-09-01 09:17:21,739 INFO o.a.j.t.JMeterThread: Thread finished: Thread Group 1-13
2026-09-01 09:17:21,741 INFO o.a.j.t.JMeterThread: Thread started: Thread Group 1-12
2026-09-01 09:17:21,741 INFO o.a.j.t.JMeterThread: Thread finished: Thread Group 1-12
2026-09-01 09:17:21,740 INFO o.a.j.t.JMeterThread: Thread started: Thread Group 1-48
2026-09-01 09:17:21,741 INFO o.a.j.t.JMeterThread: Thread finished: Thread Group 1-48
2026-09-01 09:17:21,740 INFO o.a.j.t.JMeterThread: Thread started: Thread Group 1-25
2026-09-01 09:17:21,741 INFO o.a.j.t.JMeterThread: Thread finished: Thread Group 1-25
2026-09-01 09:17:21,737 INFO o.a.j.t.JMeterThread: Stopping: Thread Group 1-36
2026-09-01 09:17:21,742 INFO o.a.j.t.JMeterThread: Stopping: Thread Group 1-44
2026-09-01 09:17:21,742 INFO o.a.j.t.JMeterThread: Stopping: Thread Group 1-23
2026-09-01 09:17:21,742 INFO o.a.j.t.JMeterThread: Stopping: Thread Group 1-21
2026-09-01 09:17:21,742 INFO o.a.j.t.JMeterThread: Thread started: Thread Group 1-36
2026-09-01 09:17:21,742 INFO o.a.j.t.JMeterThread: Stopping: Thread Group 1-24
2026-09-01 09:17:21,742 INFO o.a.j.t.JMeterThread: Stopping: Thread Group 1-15
2026-09-01 09:17:21,742 INFO o.a.j.t.JMeterThread: Stopping: Thread Group 1-22
2026-09-01 09:17:21,742 INFO o.a.j.t.JMeterThread: Thread finished: Thread Group 1-36
2026-09-01 09:17:21,742 INFO o.a.j.t.JMeterThread: Stopping: Thread Group 1-11
2026-09-01 09:17:21,742 INFO o.a.j.t.JMeterThread: Stopping: Thread Group 1-49
2026-09-01 09:17:21,742 INFO o.a.j.t.JMeterThread: Stopping: Thread Group 1-16
2026-09-01 09:17:21,739 INFO o.a.j.t.JMeterThread: Thread started: Thread Group 1-14
2026-09-01 09:17:21,743 INFO o.a.j.t.JMeterThread: Thread finished: Thread Group 1-14
2026-09-01 09:17:21,743 INFO o.a.j.t.JMeterThread: Thread started: Thread Group 1-24
2026-09-01 09:17:21,743 INFO o.a.j.t.JMeterThread: Thread finished: Thread Group 1-24
2026-09-01 09:17:21,740 INFO o.a.j.t.JMeterThread: Thread started: Thread Group 1-35
2026-09-01 09:17:21,743 INFO o.a.j.t.JMeterThread: Thread finished: Thread Group 1-35
2026-09-01 09:17:21,745 INFO o.a.j.t.JMeterThread: Thread started: Thread Group 1-44
2026-09-01 09:17:21,745 INFO o.a.j.t.JMeterThread: Thread finished: Thread Group 1-44
2026-09-01 09:17:21,744 INFO o.a.j.t.JMeterThread: Thread started: Thread Group 1-23
2026-09-01 09:17:21,745 INFO o.a.j.t.JMeterThread: Thread finished: Thread Group 1-23
2026-09-01 09:17:21,745 INFO o.a.j.t.JMeterThread: Thread started: Thread Group 1-16
2026-09-01 09:17:21,745 INFO o.a.j.t.JMeterThread: Thread finished: Thread Group 1-16
2026-09-01 09:17:21,746 INFO o.a.j.t.JMeterThread: Thread started: Thread Group 1-15
2026-09-01 09:17:21,746 INFO o.a.j.t.JMeterThread: Thread finished: Thread Group 1-15
2026-09-01 09:17:21,746 INFO o.a.j.t.JMeterThread: Thread started: Thread Group 1-21
2026-09-01 09:17:21,746 INFO o.a.j.t.JMeterThread: Thread finished: Thread Group 1-21
2026-09-01 09:17:21,746 INFO o.a.j.t.JMeterThread: Thread started: Thread Group 1-22
2026-09-01 09:17:21,747 INFO o.a.j.t.JMeterThread: Thread finished: Thread Group 1-22
2026-09-01 09:17:21,747 INFO o.a.j.t.JMeterThread: Thread started: Thread Group 1-11
2026-09-01 09:17:21,747 INFO o.a.j.t.JMeterThread: Thread finished: Thread Group 1-11
2026-09-01 09:17:21,749 INFO o.a.j.t.JMeterThread: Thread started: Thread Group 1-49
2026-09-01 09:17:21,749 INFO o.a.j.t.JMeterThread: Thread finished: Thread Group 1-49
2026-09-01 09:17:21,740 INFO o.a.j.t.JMeterThread: Thread started: Thread Group 1-19
2026-09-01 09:17:21,749 INFO o.a.j.t.JMeterThread: Thread finished: Thread Group 1-19
2026-09-01 09:17:21,740 INFO o.a.j.t.JMeterThread: Thread started: Thread Group 1-18
2026-09-01 09:17:21,750 INFO o.a.j.t.JMeterThread: Thread finished: Thread Group 1-18
2026-09-01 09:17:21,740 INFO o.a.j.t.JMeterThread: Thread started: Thread Group 1-50
2026-09-01 09:17:21,751 INFO o.a.j.t.JMeterThread: Thread finished: Thread Group 1-50
2026-09-01 09:17:21,751 INFO o.a.j.t.JMeterThread: Stopping: Thread Group 1-34
2026-09-01 09:17:21,751 INFO o.a.j.t.JMeterThread: Stopping: Thread Group 1-26
2026-09-01 09:17:21,751 INFO o.a.j.t.JMeterThread: Stopping: Thread Group 1-27
2026-09-01 09:17:21,751 INFO o.a.j.t.JMeterThread: Stopping: Thread Group 1-41
2026-09-01 09:17:21,751 INFO o.a.j.t.JMeterThread: Stopping: Thread Group 1-10
2026-09-01 09:17:21,751 INFO o.a.j.t.JMeterThread: Stopping: Thread Group 1-17
2026-09-01 09:17:21,752 INFO o.a.j.t.JMeterThread: Stopping: Thread Group 1-43
2026-09-01 09:17:21,752 INFO o.a.j.t.JMeterThread: Stopping: Thread Group 1-31
2026-09-01 09:17:21,752 INFO o.a.j.t.JMeterThread: Stopping: Thread Group 1-39
2026-09-01 09:17:21,752 INFO o.a.j.t.JMeterThread: Stopping: Thread Group 1-33
2026-09-01 09:17:21,752 INFO o.a.j.t.JMeterThread: Stopping: Thread Group 1-38
2026-09-01 09:17:21,752 INFO o.a.j.t.JMeterThread: Stopping: Thread Group 1-45
2026-09-01 09:17:21,752 INFO o.a.j.t.JMeterThread: Stopping: Thread Group 1-47
2026-09-01 09:17:21,752 INFO o.a.j.t.JMeterThread: Thread started: Thread Group 1-10
2026-09-01 09:17:21,752 INFO o.a.j.t.JMeterThread: Thread started: Thread Group 1-17
2026-09-01 09:17:21,753 INFO o.a.j.t.JMeterThread: Thread finished: Thread Group 1-17
2026-09-01 09:17:21,740 INFO o.a.j.t.JMeterThread: Thread finished: Thread Group 1-20
2026-09-01 09:17:21,753 INFO o.a.j.t.JMeterThread: Thread started: Thread Group 1-31
2026-09-01 09:17:21,752 INFO o.a.j.t.JMeterThread: Thread started: Thread Group 1-41
2026-09-01 09:17:21,753 INFO o.a.j.t.JMeterThread: Thread started: Thread Group 1-27
2026-09-01 09:17:21,752 INFO o.a.j.t.JMeterThread: Thread started: Thread Group 1-34
2026-09-01 09:17:21,753 INFO o.a.j.t.JMeterThread: Thread finished: Thread Group 1-27
2026-09-01 09:17:21,753 INFO o.a.j.t.JMeterThread: Thread finished: Thread Group 1-34
2026-09-01 09:17:21,753 INFO o.a.j.t.JMeterThread: Thread started: Thread Group 1-33
2026-09-01 09:17:21,753 INFO o.a.j.t.JMeterThread: Thread finished: Thread Group 1-33
2026-09-01 09:17:21,754 INFO o.a.j.t.JMeterThread: Thread started: Thread Group 1-45
2026-09-01 09:17:21,752 INFO o.a.j.t.JMeterThread: Thread started: Thread Group 1-26
2026-09-01 09:17:21,754 INFO o.a.j.t.JMeterThread: Thread finished: Thread Group 1-45
2026-09-01 09:17:21,754 INFO o.a.j.t.JMeterThread: Thread finished: Thread Group 1-26
2026-09-01 09:17:21,754 INFO o.a.j.t.JMeterThread: Thread started: Thread Group 1-47
2026-09-01 09:17:21,754 INFO o.a.j.t.JMeterThread: Thread finished: Thread Group 1-41
2026-09-01 09:17:21,752 INFO o.a.j.t.JMeterThread: Thread started: Thread Group 1-43
2026-09-01 09:17:21,754 INFO o.a.j.t.JMeterThread: Thread finished: Thread Group 1-43
2026-09-01 09:17:21,754 INFO o.a.j.t.JMeterThread: Thread started: Thread Group 1-39
2026-09-01 09:17:21,755 INFO o.a.j.t.JMeterThread: Thread finished: Thread Group 1-39
2026-09-01 09:17:21,753 INFO o.a.j.t.JMeterThread: Thread finished: Thread Group 1-31
2026-09-01 09:17:21,755 INFO o.a.j.t.JMeterThread: Thread started: Thread Group 1-38
2026-09-01 09:17:21,755 INFO o.a.j.t.JMeterThread: Thread finished: Thread Group 1-47
2026-09-01 09:17:21,752 INFO o.a.j.t.JMeterThread: Thread finished: Thread Group 1-10
2026-09-01 09:17:21,755 INFO o.a.j.t.JMeterThread: Thread finished: Thread Group 1-38
2026-09-01 09:17:21,739 INFO o.a.j.t.JMeterThread: Thread started: Thread Group 1-30
2026-09-01 09:17:21,755 INFO o.a.j.t.JMeterThread: Thread finished: Thread Group 1-30
2026-09-01 09:17:21,756 INFO o.a.j.e.StandardJMeterEngine: Notifying test listeners of end of test
2026-09-01 09:17:21,760 INFO o.a.j.s.FileServer: Default base='/home/clouddx/QUEUING/apache-jmeter-5.6.3/bin'
2026-09-01 09:17:21,761 INFO o.a.j.g.u.JMeterMenuBar: setRunning(false, *local*)
2026-09-01 09:20:04,385 INFO o.a.j.s.FileServer: Set new base='/home/clouddx/QUEUING/apache-jmeter-5.6.3/bin'
2026-09-01 09:20:04,736 INFO o.a.j.s.SaveService: Testplan (JMX) version: 2.2. Testlog (JTL) version: 2.2
2026-09-01 09:20:04,742 INFO o.a.j.s.SaveService: Using SaveService properties version 5.0
2026-09-01 09:20:04,744 INFO o.a.j.s.SaveService: Using SaveService properties file encoding UTF-8
2026-09-01 09:20:04,764 INFO o.a.j.e.StandardJMeterEngine: Running the test!
2026-09-01 09:20:04,765 INFO o.a.j.s.SampleEvent: List of sample_variables: []
2026-09-01 09:20:04,766 INFO o.a.j.g.u.JMeterMenuBar: setRunning(true, *local*)
2026-09-01 09:20:04,949 INFO o.a.j.e.StandardJMeterEngine: Starting ThreadGroup: 1 : Thread Group
2026-09-01 09:20:04,949 INFO o.a.j.e.StandardJMeterEngine: Starting 50 threads for group Thread Group.
2026-09-01 09:20:04,950 INFO o.a.j.e.StandardJMeterEngine: Thread will continue on error
2026-09-01 09:20:04,950 INFO o.a.j.t.ThreadGroup: Starting thread group... number=1 threads=50 ramp-up=60 delayedStart=false
2026-09-01 09:20:04,954 INFO o.a.j.t.JMeterThread: Thread started: Thread Group 1-1
2026-09-01 09:20:04,978 INFO o.a.j.t.JMeterThread: Thread is done: Thread Group 1-1
2026-09-01 09:20:04,979 INFO o.a.j.t.JMeterThread: Thread finished: Thread Group 1-1
2026-09-01 09:20:05,006 INFO o.a.j.t.ThreadGroup: Started thread group number 1
2026-09-01 09:20:05,006 INFO o.a.j.e.StandardJMeterEngine: All thread groups have been started
2026-09-01 09:20:06,157 INFO o.a.j.t.JMeterThread: Thread started: Thread Group 1-2
2026-09-01 09:20:06,158 INFO o.a.j.t.JMeterThread: Thread is done: Thread Group 1-2
2026-09-01 09:20:06,158 INFO o.a.j.t.JMeterThread: Thread finished: Thread Group 1-2
2026-09-01 09:20:07,356 INFO o.a.j.t.JMeterThread: Thread started: Thread Group 1-3
2026-09-01 09:20:07,357 INFO o.a.j.t.JMeterThread: Thread is done: Thread Group 1-3
2026-09-01 09:20:07,357 INFO o.a.j.t.JMeterThread: Thread finished: Thread Group 1-3
2026-09-01 09:20:08,552 INFO o.a.j.t.JMeterThread: Thread started: Thread Group 1-4
2026-09-01 09:20:08,553 INFO o.a.j.t.JMeterThread: Thread is done: Thread Group 1-4
2026-09-01 09:20:08,553 INFO o.a.j.t.JMeterThread: Thread finished: Thread Group 1-4
2026-09-01 09:20:09,753 INFO o.a.j.t.JMeterThread: Thread started: Thread Group 1-5
2026-09-01 09:20:09,754 INFO o.a.j.t.JMeterThread: Thread is done: Thread Group 1-5
2026-09-01 09:20:09,754 INFO o.a.j.t.JMeterThread: Thread finished: Thread Group 1-5
2026-09-01 09:20:10,952 INFO o.a.j.t.JMeterThread: Thread started: Thread Group 1-6
2026-09-01 09:20:10,963 INFO o.a.j.t.JMeterThread: Thread is done: Thread Group 1-6
2026-09-01 09:20:10,965 INFO o.a.j.t.JMeterThread: Thread finished: Thread Group 1-6
2026-09-01 09:20:12,154 INFO o.a.j.t.JMeterThread: Thread started: Thread Group 1-7
2026-09-01 09:20:12,155 INFO o.a.j.t.JMeterThread: Thread is done: Thread Group 1-7
2026-09-01 09:20:12,155 INFO o.a.j.t.JMeterThread: Thread finished: Thread Group 1-7
2026-09-01 09:20:13,353 INFO o.a.j.t.JMeterThread: Thread started: Thread Group 1-8
2026-09-01 09:20:13,353 INFO o.a.j.t.JMeterThread: Thread is done: Thread Group 1-8
2026-09-01 09:20:13,353 INFO o.a.j.t.JMeterThread: Thread finished: Thread Group 1-8
2026-09-01 09:20:14,552 INFO o.a.j.t.JMeterThread: Thread started: Thread Group 1-9
2026-09-01 09:20:14,553 INFO o.a.j.t.JMeterThread: Thread is done: Thread Group 1-9
2026-09-01 09:20:14,553 INFO o.a.j.t.JMeterThread: Thread finished: Thread Group 1-9
2026-09-01 09:20:15,752 INFO o.a.j.t.JMeterThread: Thread started: Thread Group 1-10
2026-09-01 09:20:15,753 INFO o.a.j.t.JMeterThread: Thread is done: Thread Group 1-10
2026-09-01 09:20:15,753 INFO o.a.j.t.JMeterThread: Thread finished: Thread Group 1-10
2026-09-01 09:20:16,952 INFO o.a.j.t.JMeterThread: Thread started: Thread Group 1-11
2026-09-01 09:20:16,953 INFO o.a.j.t.JMeterThread: Thread is done: Thread Group 1-11
2026-09-01 09:20:16,953 INFO o.a.j.t.JMeterThread: Thread finished: Thread Group 1-11
2026-09-01 09:20:18,150 INFO o.a.j.t.JMeterThread: Thread started: Thread Group 1-12
2026-09-01 09:20:18,151 INFO o.a.j.t.JMeterThread: Thread is done: Thread Group 1-12
2026-09-01 09:20:18,151 INFO o.a.j.t.JMeterThread: Thread finished: Thread Group 1-12
2026-09-01 09:20:19,352 INFO o.a.j.t.JMeterThread: Thread started: Thread Group 1-13
2026-09-01 09:20:19,356 INFO o.a.j.t.JMeterThread: Thread is done: Thread Group 1-13
2026-09-01 09:20:19,356 INFO o.a.j.t.JMeterThread: Thread finished: Thread Group 1-13
2026-09-01 09:20:20,551 INFO o.a.j.t.JMeterThread: Thread started: Thread Group 1-14
2026-09-01 09:20:20,555 INFO o.a.j.t.JMeterThread: Thread is done: Thread Group 1-14
2026-09-01 09:20:20,556 INFO o.a.j.t.JMeterThread: Thread finished: Thread Group 1-14
2026-09-01 09:20:21,754 INFO o.a.j.t.JMeterThread: Thread started: Thread Group 1-15
2026-09-01 09:20:21,754 INFO o.a.j.t.JMeterThread: Thread is done: Thread Group 1-15
2026-09-01 09:20:21,755 INFO o.a.j.t.JMeterThread: Thread finished: Thread Group 1-15
2026-09-01 09:20:22,951 INFO o.a.j.t.JMeterThread: Thread started: Thread Group 1-16
2026-09-01 09:20:22,952 INFO o.a.j.t.JMeterThread: Thread is done: Thread Group 1-16
2026-09-01 09:20:22,952 INFO o.a.j.t.JMeterThread: Thread finished: Thread Group 1-16
2026-09-01 09:20:24,153 INFO o.a.j.t.JMeterThread: Thread started: Thread Group 1-17
2026-09-01 09:20:24,160 INFO o.a.j.t.JMeterThread: Thread is done: Thread Group 1-17
2026-09-01 09:20:24,160 INFO o.a.j.t.JMeterThread: Thread finished: Thread Group 1-17
2026-09-01 09:20:25,350 INFO o.a.j.t.JMeterThread: Thread started: Thread Group 1-18
2026-09-01 09:20:25,351 INFO o.a.j.t.JMeterThread: Thread is done: Thread Group 1-18
2026-09-01 09:20:25,351 INFO o.a.j.t.JMeterThread: Thread finished: Thread Group 1-18
2026-09-01 09:20:26,556 INFO o.a.j.t.JMeterThread: Thread started: Thread Group 1-19
2026-09-01 09:20:26,561 INFO o.a.j.t.JMeterThread: Thread is done: Thread Group 1-19
2026-09-01 09:20:26,562 INFO o.a.j.t.JMeterThread: Thread finished: Thread Group 1-19
2026-09-01 09:20:27,752 INFO o.a.j.t.JMeterThread: Thread started: Thread Group 1-20
2026-09-01 09:20:27,754 INFO o.a.j.t.JMeterThread: Thread is done: Thread Group 1-20
2026-09-01 09:20:27,754 INFO o.a.j.t.JMeterThread: Thread finished: Thread Group 1-20
2026-09-01 09:20:28,953 INFO o.a.j.t.JMeterThread: Thread started: Thread Group 1-21
2026-09-01 09:20:28,955 INFO o.a.j.t.JMeterThread: Thread is done: Thread Group 1-21
2026-09-01 09:20:28,955 INFO o.a.j.t.JMeterThread: Thread finished: Thread Group 1-21
2026-09-01 09:20:30,151 INFO o.a.j.t.JMeterThread: Thread started: Thread Group 1-22
2026-09-01 09:20:30,152 INFO o.a.j.t.JMeterThread: Thread is done: Thread Group 1-22
2026-09-01 09:20:30,152 INFO o.a.j.t.JMeterThread: Thread finished: Thread Group 1-22
2026-09-01 09:20:31,353 INFO o.a.j.t.JMeterThread: Thread started: Thread Group 1-23
2026-09-01 09:20:31,353 INFO o.a.j.t.JMeterThread: Thread is done: Thread Group 1-23
2026-09-01 09:20:31,354 INFO o.a.j.t.JMeterThread: Thread finished: Thread Group 1-23
2026-09-01 09:20:32,552 INFO o.a.j.t.JMeterThread: Thread started: Thread Group 1-24
2026-09-01 09:20:32,555 INFO o.a.j.t.JMeterThread: Thread is done: Thread Group 1-24
2026-09-01 09:20:32,556 INFO o.a.j.t.JMeterThread: Thread finished: Thread Group 1-24
2026-09-01 09:20:33,752 INFO o.a.j.t.JMeterThread: Thread started: Thread Group 1-25
2026-09-01 09:20:33,754 INFO o.a.j.t.JMeterThread: Thread is done: Thread Group 1-25
2026-09-01 09:20:33,754 INFO o.a.j.t.JMeterThread: Thread finished: Thread Group 1-25
2026-09-01 09:20:34,951 INFO o.a.j.t.JMeterThread: Thread started: Thread Group 1-26
2026-09-01 09:20:34,952 INFO o.a.j.t.JMeterThread: Thread is done: Thread Group 1-26
2026-09-01 09:20:34,952 INFO o.a.j.t.JMeterThread: Thread finished: Thread Group 1-26
2026-09-01 09:20:36,153 INFO o.a.j.t.JMeterThread: Thread started: Thread Group 1-27
2026-09-01 09:20:36,154 INFO o.a.j.t.JMeterThread: Thread is done: Thread Group 1-27
2026-09-01 09:20:36,154 INFO o.a.j.t.JMeterThread: Thread finished: Thread Group 1-27
2026-09-01 09:20:37,352 INFO o.a.j.t.JMeterThread: Thread started: Thread Group 1-28
2026-09-01 09:20:37,353 INFO o.a.j.t.JMeterThread: Thread is done: Thread Group 1-28
2026-09-01 09:20:37,353 INFO o.a.j.t.JMeterThread: Thread finished: Thread Group 1-28
2026-09-01 09:20:38,551 INFO o.a.j.t.JMeterThread: Thread started: Thread Group 1-29
2026-09-01 09:20:38,552 INFO o.a.j.t.JMeterThread: Thread is done: Thread Group 1-29
2026-09-01 09:20:38,552 INFO o.a.j.t.JMeterThread: Thread finished: Thread Group 1-29
2026-09-01 09:20:39,751 INFO o.a.j.t.JMeterThread: Thread started: Thread Group 1-30
2026-09-01 09:20:39,751 INFO o.a.j.t.JMeterThread: Thread is done: Thread Group 1-30
2026-09-01 09:20:39,752 INFO o.a.j.t.JMeterThread: Thread finished: Thread Group 1-30
2026-09-01 09:20:40,952 INFO o.a.j.t.JMeterThread: Thread started: Thread Group 1-31
2026-09-01 09:20:40,952 INFO o.a.j.t.JMeterThread: Thread is done: Thread Group 1-31
2026-09-01 09:20:40,954 INFO o.a.j.t.JMeterThread: Thread finished: Thread Group 1-31
2026-09-01 09:20:42,151 INFO o.a.j.t.JMeterThread: Thread started: Thread Group 1-32
2026-09-01 09:20:42,152 INFO o.a.j.t.JMeterThread: Thread is done: Thread Group 1-32
2026-09-01 09:20:42,152 INFO o.a.j.t.JMeterThread: Thread finished: Thread Group 1-32
2026-09-01 09:20:43,351 INFO o.a.j.t.JMeterThread: Thread started: Thread Group 1-33
2026-09-01 09:20:43,352 INFO o.a.j.t.JMeterThread: Thread is done: Thread Group 1-33
2026-09-01 09:20:43,352 INFO o.a.j.t.JMeterThread: Thread finished: Thread Group 1-33
2026-09-01 09:20:44,551 INFO o.a.j.t.JMeterThread: Thread started: Thread Group 1-34
2026-09-01 09:20:44,552 INFO o.a.j.t.JMeterThread: Thread is done: Thread Group 1-34
2026-09-01 09:20:44,552 INFO o.a.j.t.JMeterThread: Thread finished: Thread Group 1-34
2026-09-01 09:20:45,751 INFO o.a.j.t.JMeterThread: Thread started: Thread Group 1-35
2026-09-01 09:20:45,752 INFO o.a.j.t.JMeterThread: Thread is done: Thread Group 1-35
2026-09-01 09:20:45,752 INFO o.a.j.t.JMeterThread: Thread finished: Thread Group 1-35
2026-09-01 09:20:46,951 INFO o.a.j.t.JMeterThread: Thread started: Thread Group 1-36
2026-09-01 09:20:46,952 INFO o.a.j.t.JMeterThread: Thread is done: Thread Group 1-36
2026-09-01 09:20:46,952 INFO o.a.j.t.JMeterThread: Thread finished: Thread Group 1-36
2026-09-01 09:20:48,153 INFO o.a.j.t.JMeterThread: Thread started: Thread Group 1-37
2026-09-01 09:20:48,156 INFO o.a.j.t.JMeterThread: Thread is done: Thread Group 1-37
2026-09-01 09:20:48,156 INFO o.a.j.t.JMeterThread: Thread finished: Thread Group 1-37
2026-09-01 09:20:49,353 INFO o.a.j.t.JMeterThread: Thread started: Thread Group 1-38
2026-09-01 09:20:49,354 INFO o.a.j.t.JMeterThread: Thread is done: Thread Group 1-38
2026-09-01 09:20:49,354 INFO o.a.j.t.JMeterThread: Thread finished: Thread Group 1-38
2026-09-01 09:20:50,552 INFO o.a.j.t.JMeterThread: Thread started: Thread Group 1-39
2026-09-01 09:20:50,552 INFO o.a.j.t.JMeterThread: Thread is done: Thread Group 1-39
2026-09-01 09:20:50,552 INFO o.a.j.t.JMeterThread: Thread finished: Thread Group 1-39
2026-09-01 09:20:51,751 INFO o.a.j.t.JMeterThread: Thread started: Thread Group 1-40
2026-09-01 09:20:51,752 INFO o.a.j.t.JMeterThread: Thread is done: Thread Group 1-40
2026-09-01 09:20:51,752 INFO o.a.j.t.JMeterThread: Thread finished: Thread Group 1-40
2026-09-01 09:20:52,966 INFO o.a.j.t.JMeterThread: Thread started: Thread Group 1-41
2026-09-01 09:20:52,966 INFO o.a.j.t.JMeterThread: Thread is done: Thread Group 1-41
2026-09-01 09:20:52,966 INFO o.a.j.t.JMeterThread: Thread finished: Thread Group 1-41
2026-09-01 09:20:54,152 INFO o.a.j.t.JMeterThread: Thread started: Thread Group 1-42
2026-09-01 09:20:54,152 INFO o.a.j.t.JMeterThread: Thread is done: Thread Group 1-42
2026-09-01 09:20:54,152 INFO o.a.j.t.JMeterThread: Thread finished: Thread Group 1-42
2026-09-01 09:20:55,351 INFO o.a.j.t.JMeterThread: Thread started: Thread Group 1-43
2026-09-01 09:20:55,352 INFO o.a.j.t.JMeterThread: Thread is done: Thread Group 1-43
2026-09-01 09:20:55,353 INFO o.a.j.t.JMeterThread: Thread finished: Thread Group 1-43
2026-09-01 09:20:56,552 INFO o.a.j.t.JMeterThread: Thread started: Thread Group 1-44
2026-09-01 09:20:56,553 INFO o.a.j.t.JMeterThread: Thread is done: Thread Group 1-44
2026-09-01 09:20:56,553 INFO o.a.j.t.JMeterThread: Thread finished: Thread Group 1-44
2026-09-01 09:20:57,626 INFO o.a.j.g.a.Start: Stopping test
2026-09-01 09:20:57,630 INFO o.a.j.t.JMeterThread: Stopping: Thread Group 1-47
2026-09-01 09:20:57,630 INFO o.a.j.t.JMeterThread: Stopping: Thread Group 1-49
2026-09-01 09:20:57,630 INFO o.a.j.t.JMeterThread: Stopping: Thread Group 1-45
2026-09-01 09:20:57,631 INFO o.a.j.t.JMeterThread: Stopping: Thread Group 1-50
2026-09-01 09:20:57,631 INFO o.a.j.t.JMeterThread: Stopping: Thread Group 1-48
2026-09-01 09:20:57,631 INFO o.a.j.t.JMeterThread: Stopping: Thread Group 1-46
2026-09-01 09:20:57,631 INFO o.a.j.t.JMeterThread: Thread started: Thread Group 1-49
2026-09-01 09:20:57,631 INFO o.a.j.t.JMeterThread: Thread finished: Thread Group 1-49
2026-09-01 09:20:57,631 INFO o.a.j.t.JMeterThread: Thread started: Thread Group 1-45
2026-09-01 09:20:57,631 INFO o.a.j.t.JMeterThread: Thread finished: Thread Group 1-45
2026-09-01 09:20:57,631 INFO o.a.j.t.JMeterThread: Thread started: Thread Group 1-50
2026-09-01 09:20:57,631 INFO o.a.j.t.JMeterThread: Thread finished: Thread Group 1-50
2026-09-01 09:20:57,632 INFO o.a.j.t.JMeterThread: Thread started: Thread Group 1-47
2026-09-01 09:20:57,632 INFO o.a.j.t.JMeterThread: Thread finished: Thread Group 1-47
2026-09-01 09:20:57,632 INFO o.a.j.t.JMeterThread: Thread started: Thread Group 1-46
2026-09-01 09:20:57,632 INFO o.a.j.t.JMeterThread: Thread started: Thread Group 1-48
2026-09-01 09:20:57,632 INFO o.a.j.t.JMeterThread: Thread finished: Thread Group 1-46
2026-09-01 09:20:57,633 INFO o.a.j.t.JMeterThread: Thread finished: Thread Group 1-48
2026-09-01 09:20:57,633 INFO o.a.j.e.StandardJMeterEngine: Notifying test listeners of end of test
2026-09-01 09:20:57,634 INFO o.a.j.g.u.JMeterMenuBar: setRunning(false, *local*)
2026-09-01 09:21:05,264 INFO o.a.j.e.StandardJMeterEngine: Running the test!
2026-09-01 09:21:05,264 INFO o.a.j.s.SampleEvent: List of sample_variables: []
2026-09-01 09:21:05,265 INFO o.a.j.g.u.JMeterMenuBar: setRunning(true, *local*)
2026-09-01 09:21:05,272 INFO o.a.j.e.StandardJMeterEngine: Starting ThreadGroup: 1 : Thread Group
2026-09-01 09:21:05,273 INFO o.a.j.e.StandardJMeterEngine: Starting 50 threads for group Thread Group.
2026-09-01 09:21:05,273 INFO o.a.j.e.StandardJMeterEngine: Thread will continue on error
2026-09-01 09:21:05,273 INFO o.a.j.t.ThreadGroup: Starting thread group... number=1 threads=50 ramp-up=60 delayedStart=false
2026-09-01 09:21:05,329 INFO o.a.j.t.JMeterThread: Thread started: Thread Group 1-1
2026-09-01 09:21:05,365 INFO o.a.j.t.ThreadGroup: Started thread group number 1
2026-09-01 09:21:05,365 INFO o.a.j.e.StandardJMeterEngine: All thread groups have been started
2026-09-01 09:21:05,372 INFO o.a.j.p.h.s.HTTPHCAbstractImpl: Local host = clouddx-VMware-Virtual-Platform
2026-09-01 09:21:05,381 INFO o.a.j.p.h.s.HTTPHC4Impl: HTTP request retry count = 0
2026-09-01 09:21:05,516 INFO o.a.j.t.JMeterThread: Thread is done: Thread Group 1-1
2026-09-01 09:21:05,517 INFO o.a.j.t.JMeterThread: Thread finished: Thread Group 1-1
2026-09-01 09:21:06,478 INFO o.a.j.t.JMeterThread: Thread started: Thread Group 1-2
2026-09-01 09:21:06,484 INFO o.a.j.t.JMeterThread: Thread is done: Thread Group 1-2
2026-09-01 09:21:06,485 INFO o.a.j.t.JMeterThread: Thread finished: Thread Group 1-2
2026-09-01 09:21:07,675 INFO o.a.j.t.JMeterThread: Thread started: Thread Group 1-3
2026-09-01 09:21:07,677 INFO o.a.j.t.JMeterThread: Thread is done: Thread Group 1-3
2026-09-01 09:21:07,677 INFO o.a.j.t.JMeterThread: Thread finished: Thread Group 1-3
2026-09-01 09:21:08,875 INFO o.a.j.t.JMeterThread: Thread started: Thread Group 1-4
2026-09-01 09:21:08,877 INFO o.a.j.t.JMeterThread: Thread is done: Thread Group 1-4
2026-09-01 09:21:08,878 INFO o.a.j.t.JMeterThread: Thread finished: Thread Group 1-4
2026-09-01 09:21:10,074 INFO o.a.j.t.JMeterThread: Thread started: Thread Group 1-5
2026-09-01 09:21:10,078 INFO o.a.j.t.JMeterThread: Thread is done: Thread Group 1-5
2026-09-01 09:21:10,078 INFO o.a.j.t.JMeterThread: Thread finished: Thread Group 1-5
2026-09-01 09:21:11,275 INFO o.a.j.t.JMeterThread: Thread started: Thread Group 1-6
2026-09-01 09:21:11,276 INFO o.a.j.t.JMeterThread: Thread is done: Thread Group 1-6
2026-09-01 09:21:11,276 INFO o.a.j.t.JMeterThread: Thread finished: Thread Group 1-6
2026-09-01 09:21:12,474 INFO o.a.j.t.JMeterThread: Thread started: Thread Group 1-7
2026-09-01 09:21:12,475 INFO o.a.j.t.JMeterThread: Thread is done: Thread Group 1-7
2026-09-01 09:21:12,475 INFO o.a.j.t.JMeterThread: Thread finished: Thread Group 1-7
2026-09-01 09:21:13,673 INFO o.a.j.t.JMeterThread: Thread started: Thread Group 1-8
2026-09-01 09:21:13,675 INFO o.a.j.t.JMeterThread: Thread is done: Thread Group 1-8
2026-09-01 09:21:13,675 INFO o.a.j.t.JMeterThread: Thread finished: Thread Group 1-8
2026-09-01 09:21:14,874 INFO o.a.j.t.JMeterThread: Thread started: Thread Group 1-9
2026-09-01 09:21:14,876 INFO o.a.j.t.JMeterThread: Thread is done: Thread Group 1-9
2026-09-01 09:21:14,876 INFO o.a.j.t.JMeterThread: Thread finished: Thread Group 1-9
2026-09-01 09:21:16,073 INFO o.a.j.t.JMeterThread: Thread started: Thread Group 1-10
2026-09-01 09:21:16,074 INFO o.a.j.t.JMeterThread: Thread is done: Thread Group 1-10
2026-09-01 09:21:16,074 INFO o.a.j.t.JMeterThread: Thread finished: Thread Group 1-10
2026-09-01 09:21:17,274 INFO o.a.j.t.JMeterThread: Thread started: Thread Group 1-11
2026-09-01 09:21:17,276 INFO o.a.j.t.JMeterThread: Thread is done: Thread Group 1-11
2026-09-01 09:21:17,277 INFO o.a.j.t.JMeterThread: Thread finished: Thread Group 1-11
2026-09-01 09:21:18,475 INFO o.a.j.t.JMeterThread: Thread started: Thread Group 1-12
2026-09-01 09:21:18,476 INFO o.a.j.t.JMeterThread: Thread is done: Thread Group 1-12
2026-09-01 09:21:18,476 INFO o.a.j.t.JMeterThread: Thread finished: Thread Group 1-12
2026-09-01 09:21:19,673 INFO o.a.j.t.JMeterThread: Thread started: Thread Group 1-13
2026-09-01 09:21:19,674 INFO o.a.j.t.JMeterThread: Thread is done: Thread Group 1-13
2026-09-01 09:21:19,674 INFO o.a.j.t.JMeterThread: Thread finished: Thread Group 1-13
2026-09-01 09:21:20,874 INFO o.a.j.t.JMeterThread: Thread started: Thread Group 1-14
2026-09-01 09:21:20,877 INFO o.a.j.t.JMeterThread: Thread is done: Thread Group 1-14
2026-09-01 09:21:20,877 INFO o.a.j.t.JMeterThread: Thread finished: Thread Group 1-14
2026-09-01 09:21:22,073 INFO o.a.j.t.JMeterThread: Thread started: Thread Group 1-15
2026-09-01 09:21:22,075 INFO o.a.j.t.JMeterThread: Thread is done: Thread Group 1-15
2026-09-01 09:21:22,075 INFO o.a.j.t.JMeterThread: Thread finished: Thread Group 1-15
2026-09-01 09:21:23,275 INFO o.a.j.t.JMeterThread: Thread started: Thread Group 1-16
2026-09-01 09:21:23,276 INFO o.a.j.t.JMeterThread: Thread is done: Thread Group 1-16
2026-09-01 09:21:23,276 INFO o.a.j.t.JMeterThread: Thread finished: Thread Group 1-16
2026-09-01 09:21:24,475 INFO o.a.j.t.JMeterThread: Thread started: Thread Group 1-17
2026-09-01 09:21:24,477 INFO o.a.j.t.JMeterThread: Thread is done: Thread Group 1-17
2026-09-01 09:21:24,477 INFO o.a.j.t.JMeterThread: Thread finished: Thread Group 1-17
2026-09-01 09:21:25,675 INFO o.a.j.t.JMeterThread: Thread started: Thread Group 1-18
2026-09-01 09:21:25,676 INFO o.a.j.t.JMeterThread: Thread is done: Thread Group 1-18
2026-09-01 09:21:25,676 INFO o.a.j.t.JMeterThread: Thread finished: Thread Group 1-18
2026-09-01 09:21:26,874 INFO o.a.j.t.JMeterThread: Thread started: Thread Group 1-19
2026-09-01 09:21:26,875 INFO o.a.j.t.JMeterThread: Thread is done: Thread Group 1-19
2026-09-01 09:21:26,875 INFO o.a.j.t.JMeterThread: Thread finished: Thread Group 1-19
2026-09-01 09:21:28,075 INFO o.a.j.t.JMeterThread: Thread started: Thread Group 1-20
2026-09-01 09:21:28,076 INFO o.a.j.t.JMeterThread: Thread is done: Thread Group 1-20
2026-09-01 09:21:28,076 INFO o.a.j.t.JMeterThread: Thread finished: Thread Group 1-20
2026-09-01 09:21:29,275 INFO o.a.j.t.JMeterThread: Thread started: Thread Group 1-21
2026-09-01 09:21:29,276 INFO o.a.j.t.JMeterThread: Thread is done: Thread Group 1-21
2026-09-01 09:21:29,276 INFO o.a.j.t.JMeterThread: Thread finished: Thread Group 1-21
2026-09-01 09:21:30,475 INFO o.a.j.t.JMeterThread: Thread started: Thread Group 1-22
2026-09-01 09:21:30,476 INFO o.a.j.t.JMeterThread: Thread is done: Thread Group 1-22
2026-09-01 09:21:30,476 INFO o.a.j.t.JMeterThread: Thread finished: Thread Group 1-22
2026-09-01 09:21:31,675 INFO o.a.j.t.JMeterThread: Thread started: Thread Group 1-23
2026-09-01 09:21:31,676 INFO o.a.j.t.JMeterThread: Thread is done: Thread Group 1-23
2026-09-01 09:21:31,676 INFO o.a.j.t.JMeterThread: Thread finished: Thread Group 1-23
2026-09-01 09:21:32,874 INFO o.a.j.t.JMeterThread: Thread started: Thread Group 1-24
2026-09-01 09:21:32,884 INFO o.a.j.t.JMeterThread: Thread is done: Thread Group 1-24
2026-09-01 09:21:32,884 INFO o.a.j.t.JMeterThread: Thread finished: Thread Group 1-24
2026-09-01 09:21:34,075 INFO o.a.j.t.JMeterThread: Thread started: Thread Group 1-25
2026-09-01 09:21:34,077 INFO o.a.j.t.JMeterThread: Thread is done: Thread Group 1-25
2026-09-01 09:21:34,077 INFO o.a.j.t.JMeterThread: Thread finished: Thread Group 1-25
2026-09-01 09:21:35,276 INFO o.a.j.t.JMeterThread: Thread started: Thread Group 1-26
2026-09-01 09:21:35,277 INFO o.a.j.t.JMeterThread: Thread is done: Thread Group 1-26
2026-09-01 09:21:35,277 INFO o.a.j.t.JMeterThread: Thread finished: Thread Group 1-26
2026-09-01 09:21:36,474 INFO o.a.j.t.JMeterThread: Thread started: Thread Group 1-27
2026-09-01 09:21:36,476 INFO o.a.j.t.JMeterThread: Thread is done: Thread Group 1-27
2026-09-01 09:21:36,477 INFO o.a.j.t.JMeterThread: Thread finished: Thread Group 1-27
2026-09-01 09:21:37,675 INFO o.a.j.t.JMeterThread: Thread started: Thread Group 1-28
2026-09-01 09:21:37,677 INFO o.a.j.t.JMeterThread: Thread is done: Thread Group 1-28
2026-09-01 09:21:37,677 INFO o.a.j.t.JMeterThread: Thread finished: Thread Group 1-28
2026-09-01 09:21:38,857 INFO o.a.j.g.a.Start: Stopping test
2026-09-01 09:21:38,859 INFO o.a.j.t.JMeterThread: Stopping: Thread Group 1-43
2026-09-01 09:21:38,859 INFO o.a.j.t.JMeterThread: Stopping: Thread Group 1-39
2026-09-01 09:21:38,859 INFO o.a.j.t.JMeterThread: Stopping: Thread Group 1-46
2026-09-01 09:21:38,859 INFO o.a.j.t.JMeterThread: Stopping: Thread Group 1-38
2026-09-01 09:21:38,859 INFO o.a.j.t.JMeterThread: Stopping: Thread Group 1-44
2026-09-01 09:21:38,859 INFO o.a.j.t.JMeterThread: Stopping: Thread Group 1-48
2026-09-01 09:21:38,859 INFO o.a.j.t.JMeterThread: Stopping: Thread Group 1-47
2026-09-01 09:21:38,859 INFO o.a.j.t.JMeterThread: Stopping: Thread Group 1-33
2026-09-01 09:21:38,859 INFO o.a.j.t.JMeterThread: Stopping: Thread Group 1-34
2026-09-01 09:21:38,859 INFO o.a.j.t.JMeterThread: Stopping: Thread Group 1-41
2026-09-01 09:21:38,859 INFO o.a.j.t.JMeterThread: Stopping: Thread Group 1-45
2026-09-01 09:21:38,859 INFO o.a.j.t.JMeterThread: Stopping: Thread Group 1-29
2026-09-01 09:21:38,859 INFO o.a.j.t.JMeterThread: Stopping: Thread Group 1-30
2026-09-01 09:21:38,859 INFO o.a.j.t.JMeterThread: Stopping: Thread Group 1-31
2026-09-01 09:21:38,859 INFO o.a.j.t.JMeterThread: Stopping: Thread Group 1-37
2026-09-01 09:21:38,859 INFO o.a.j.t.JMeterThread: Stopping: Thread Group 1-32
2026-09-01 09:21:38,859 INFO o.a.j.t.JMeterThread: Stopping: Thread Group 1-42
2026-09-01 09:21:38,861 INFO o.a.j.t.JMeterThread: Thread started: Thread Group 1-29
2026-09-01 09:21:38,864 INFO o.a.j.t.JMeterThread: Thread started: Thread Group 1-31
2026-09-01 09:21:38,865 INFO o.a.j.t.JMeterThread: Thread started: Thread Group 1-32
2026-09-01 09:21:38,870 INFO o.a.j.t.JMeterThread: Thread started: Thread Group 1-42
2026-09-01 09:21:38,870 INFO o.a.j.t.JMeterThread: Thread finished: Thread Group 1-42
2026-09-01 09:21:38,870 INFO o.a.j.t.JMeterThread: Thread started: Thread Group 1-43
2026-09-01 09:21:38,870 INFO o.a.j.t.JMeterThread: Thread finished: Thread Group 1-43
2026-09-01 09:21:38,870 INFO o.a.j.t.JMeterThread: Thread finished: Thread Group 1-32
2026-09-01 09:21:38,870 INFO o.a.j.t.JMeterThread: Thread finished: Thread Group 1-31
2026-09-01 09:21:38,870 INFO o.a.j.t.JMeterThread: Stopping: Thread Group 1-35
2026-09-01 09:21:38,870 INFO o.a.j.t.JMeterThread: Stopping: Thread Group 1-49
2026-09-01 09:21:38,870 INFO o.a.j.t.JMeterThread: Thread started: Thread Group 1-38
2026-09-01 09:21:38,870 INFO o.a.j.t.JMeterThread: Stopping: Thread Group 1-40
2026-09-01 09:21:38,870 INFO o.a.j.t.JMeterThread: Stopping: Thread Group 1-50
2026-09-01 09:21:38,871 INFO o.a.j.t.JMeterThread: Stopping: Thread Group 1-36
2026-09-01 09:21:38,871 INFO o.a.j.t.JMeterThread: Thread finished: Thread Group 1-38
2026-09-01 09:21:38,871 INFO o.a.j.t.JMeterThread: Thread started: Thread Group 1-46
2026-09-01 09:21:38,871 INFO o.a.j.t.JMeterThread: Thread finished: Thread Group 1-46
2026-09-01 09:21:38,871 INFO o.a.j.t.JMeterThread: Thread started: Thread Group 1-44
2026-09-01 09:21:38,871 INFO o.a.j.t.JMeterThread: Thread finished: Thread Group 1-44
2026-09-01 09:21:38,870 INFO o.a.j.t.JMeterThread: Thread finished: Thread Group 1-29
2026-09-01 09:21:38,870 INFO o.a.j.t.JMeterThread: Thread started: Thread Group 1-39
2026-09-01 09:21:38,873 INFO o.a.j.t.JMeterThread: Thread finished: Thread Group 1-39
2026-09-01 09:21:38,873 INFO o.a.j.t.JMeterThread: Thread started: Thread Group 1-47
2026-09-01 09:21:38,873 INFO o.a.j.t.JMeterThread: Thread finished: Thread Group 1-47
2026-09-01 09:21:38,873 INFO o.a.j.t.JMeterThread: Thread started: Thread Group 1-48
2026-09-01 09:21:38,873 INFO o.a.j.t.JMeterThread: Thread finished: Thread Group 1-48
2026-09-01 09:21:38,873 INFO o.a.j.t.JMeterThread: Thread started: Thread Group 1-33
2026-09-01 09:21:38,873 INFO o.a.j.t.JMeterThread: Thread finished: Thread Group 1-33
2026-09-01 09:21:38,873 INFO o.a.j.t.JMeterThread: Thread started: Thread Group 1-34
2026-09-01 09:21:38,873 INFO o.a.j.t.JMeterThread: Thread finished: Thread Group 1-34
2026-09-01 09:21:38,874 INFO o.a.j.t.JMeterThread: Thread started: Thread Group 1-41
2026-09-01 09:21:38,874 INFO o.a.j.t.JMeterThread: Thread finished: Thread Group 1-41
2026-09-01 09:21:38,874 INFO o.a.j.t.JMeterThread: Thread started: Thread Group 1-45
2026-09-01 09:21:38,879 INFO o.a.j.t.JMeterThread: Thread started: Thread Group 1-37
2026-09-01 09:21:38,879 INFO o.a.j.t.JMeterThread: Thread finished: Thread Group 1-37
2026-09-01 09:21:38,874 INFO o.a.j.t.JMeterThread: Thread finished: Thread Group 1-45
2026-09-01 09:21:38,878 INFO o.a.j.t.JMeterThread: Thread started: Thread Group 1-30
2026-09-01 09:21:38,879 INFO o.a.j.t.JMeterThread: Thread finished: Thread Group 1-30
2026-09-01 09:21:38,880 INFO o.a.j.t.JMeterThread: Thread started: Thread Group 1-50
2026-09-01 09:21:38,880 INFO o.a.j.t.JMeterThread: Thread finished: Thread Group 1-50
2026-09-01 09:21:38,881 INFO o.a.j.t.JMeterThread: Thread started: Thread Group 1-35
2026-09-01 09:21:38,881 INFO o.a.j.t.JMeterThread: Thread finished: Thread Group 1-35
2026-09-01 09:21:38,882 INFO o.a.j.t.JMeterThread: Thread started: Thread Group 1-49
2026-09-01 09:21:38,882 INFO o.a.j.t.JMeterThread: Thread finished: Thread Group 1-49
2026-09-01 09:21:38,882 INFO o.a.j.t.JMeterThread: Thread started: Thread Group 1-40
2026-09-01 09:21:38,882 INFO o.a.j.t.JMeterThread: Thread finished: Thread Group 1-40
2026-09-01 09:21:38,883 INFO o.a.j.t.JMeterThread: Thread started: Thread Group 1-36
2026-09-01 09:21:38,883 INFO o.a.j.t.JMeterThread: Thread finished: Thread Group 1-36
2026-09-01 09:21:38,883 INFO o.a.j.e.StandardJMeterEngine: Notifying test listeners of end of test
2026-09-01 09:21:38,883 INFO o.a.j.g.u.JMeterMenuBar: setRunning(false, *local*)
2026-09-01 09:24:12,930 INFO o.a.j.e.StandardJMeterEngine: Running the test!
2026-09-01 09:24:12,930 INFO o.a.j.s.SampleEvent: List of sample_variables: []
2026-09-01 09:24:12,931 INFO o.a.j.g.u.JMeterMenuBar: setRunning(true, *local*)
2026-09-01 09:24:12,980 INFO o.a.j.e.StandardJMeterEngine: Starting ThreadGroup: 1 : Thread Group
2026-09-01 09:24:12,980 INFO o.a.j.e.StandardJMeterEngine: Starting 50 threads for group Thread Group.
2026-09-01 09:24:12,981 INFO o.a.j.e.StandardJMeterEngine: Thread will continue on error
2026-09-01 09:24:12,981 INFO o.a.j.t.ThreadGroup: Starting thread group... number=1 threads=50 ramp-up=60 delayedStart=false
2026-09-01 09:24:12,983 INFO o.a.j.t.JMeterThread: Thread started: Thread Group 1-1
2026-09-01 09:24:13,042 INFO o.a.j.t.ThreadGroup: Started thread group number 1
2026-09-01 09:24:13,042 INFO o.a.j.e.StandardJMeterEngine: All thread groups have been started
2026-09-01 09:24:13,116 INFO o.a.j.t.JMeterThread: Thread is done: Thread Group 1-1
2026-09-01 09:24:13,116 INFO o.a.j.t.JMeterThread: Thread finished: Thread Group 1-1
2026-09-01 09:24:14,183 INFO o.a.j.t.JMeterThread: Thread started: Thread Group 1-2
2026-09-01 09:24:14,189 INFO o.a.j.t.JMeterThread: Thread is done: Thread Group 1-2
2026-09-01 09:24:14,189 INFO o.a.j.t.JMeterThread: Thread finished: Thread Group 1-2
2026-09-01 09:24:15,385 INFO o.a.j.t.JMeterThread: Thread started: Thread Group 1-3
2026-09-01 09:24:15,390 INFO o.a.j.t.JMeterThread: Thread is done: Thread Group 1-3
2026-09-01 09:24:15,390 INFO o.a.j.t.JMeterThread: Thread finished: Thread Group 1-3
2026-09-01 09:24:16,583 INFO o.a.j.t.JMeterThread: Thread started: Thread Group 1-4
2026-09-01 09:24:16,588 INFO o.a.j.t.JMeterThread: Thread is done: Thread Group 1-4
2026-09-01 09:24:16,588 INFO o.a.j.t.JMeterThread: Thread finished: Thread Group 1-4
2026-09-01 09:24:17,782 INFO o.a.j.t.JMeterThread: Thread started: Thread Group 1-5
2026-09-01 09:24:17,787 INFO o.a.j.t.JMeterThread: Thread is done: Thread Group 1-5
2026-09-01 09:24:17,787 INFO o.a.j.t.JMeterThread: Thread finished: Thread Group 1-5
2026-09-01 09:24:18,983 INFO o.a.j.t.JMeterThread: Thread started: Thread Group 1-6
2026-09-01 09:24:18,988 INFO o.a.j.t.JMeterThread: Thread is done: Thread Group 1-6
2026-09-01 09:24:18,988 INFO o.a.j.t.JMeterThread: Thread finished: Thread Group 1-6
2026-09-01 09:24:20,182 INFO o.a.j.t.JMeterThread: Thread started: Thread Group 1-7
2026-09-01 09:24:20,186 INFO o.a.j.t.JMeterThread: Thread is done: Thread Group 1-7
2026-09-01 09:24:20,186 INFO o.a.j.t.JMeterThread: Thread finished: Thread Group 1-7
2026-09-01 09:24:21,143 INFO o.a.j.g.a.Start: Stopping test
2026-09-01 09:24:21,146 INFO o.a.j.t.JMeterThread: Stopping: Thread Group 1-8
2026-09-01 09:24:21,146 INFO o.a.j.t.JMeterThread: Stopping: Thread Group 1-45
2026-09-01 09:24:21,146 INFO o.a.j.t.JMeterThread: Stopping: Thread Group 1-30
2026-09-01 09:24:21,146 INFO o.a.j.t.JMeterThread: Stopping: Thread Group 1-42
2026-09-01 09:24:21,146 INFO o.a.j.t.JMeterThread: Stopping: Thread Group 1-15
2026-09-01 09:24:21,147 INFO o.a.j.t.JMeterThread: Thread started: Thread Group 1-15
2026-09-01 09:24:21,147 INFO o.a.j.t.JMeterThread: Thread finished: Thread Group 1-15
2026-09-01 09:24:21,147 INFO o.a.j.t.JMeterThread: Thread started: Thread Group 1-8
2026-09-01 09:24:21,147 INFO o.a.j.t.JMeterThread: Thread finished: Thread Group 1-8
2026-09-01 09:24:21,147 INFO o.a.j.t.JMeterThread: Thread started: Thread Group 1-30
2026-09-01 09:24:21,148 INFO o.a.j.t.JMeterThread: Thread finished: Thread Group 1-30
2026-09-01 09:24:21,148 INFO o.a.j.t.JMeterThread: Stopping: Thread Group 1-12
2026-09-01 09:24:21,148 INFO o.a.j.t.JMeterThread: Stopping: Thread Group 1-13
2026-09-01 09:24:21,148 INFO o.a.j.t.JMeterThread: Stopping: Thread Group 1-27
2026-09-01 09:24:21,148 INFO o.a.j.t.JMeterThread: Stopping: Thread Group 1-40
2026-09-01 09:24:21,148 INFO o.a.j.t.JMeterThread: Stopping: Thread Group 1-24
2026-09-01 09:24:21,148 INFO o.a.j.t.JMeterThread: Stopping: Thread Group 1-48
2026-09-01 09:24:21,148 INFO o.a.j.t.JMeterThread: Stopping: Thread Group 1-43
2026-09-01 09:24:21,148 INFO o.a.j.t.JMeterThread: Stopping: Thread Group 1-44
2026-09-01 09:24:21,148 INFO o.a.j.t.JMeterThread: Stopping: Thread Group 1-9
2026-09-01 09:24:21,148 INFO o.a.j.t.JMeterThread: Stopping: Thread Group 1-21
2026-09-01 09:24:21,148 INFO o.a.j.t.JMeterThread: Stopping: Thread Group 1-29
2026-09-01 09:24:21,149 INFO o.a.j.t.JMeterThread: Stopping: Thread Group 1-26
2026-09-01 09:24:21,149 INFO o.a.j.t.JMeterThread: Thread started: Thread Group 1-45
2026-09-01 09:24:21,149 INFO o.a.j.t.JMeterThread: Thread finished: Thread Group 1-45
2026-09-01 09:24:21,149 INFO o.a.j.t.JMeterThread: Thread started: Thread Group 1-42
2026-09-01 09:24:21,149 INFO o.a.j.t.JMeterThread: Thread finished: Thread Group 1-42
2026-09-01 09:24:21,150 INFO o.a.j.t.JMeterThread: Thread started: Thread Group 1-13
2026-09-01 09:24:21,150 INFO o.a.j.t.JMeterThread: Thread started: Thread Group 1-48
2026-09-01 09:24:21,150 INFO o.a.j.t.JMeterThread: Thread finished: Thread Group 1-13
2026-09-01 09:24:21,150 INFO o.a.j.t.JMeterThread: Thread finished: Thread Group 1-48
2026-09-01 09:24:21,151 INFO o.a.j.t.JMeterThread: Thread started: Thread Group 1-43
2026-09-01 09:24:21,151 INFO o.a.j.t.JMeterThread: Thread finished: Thread Group 1-43
2026-09-01 09:24:21,151 INFO o.a.j.t.JMeterThread: Thread started: Thread Group 1-40
2026-09-01 09:24:21,151 INFO o.a.j.t.JMeterThread: Thread finished: Thread Group 1-40
2026-09-01 09:24:21,151 INFO o.a.j.t.JMeterThread: Thread started: Thread Group 1-27
2026-09-01 09:24:21,151 INFO o.a.j.t.JMeterThread: Thread started: Thread Group 1-44
2026-09-01 09:24:21,151 INFO o.a.j.t.JMeterThread: Thread finished: Thread Group 1-27
2026-09-01 09:24:21,152 INFO o.a.j.t.JMeterThread: Thread finished: Thread Group 1-44
2026-09-01 09:24:21,152 INFO o.a.j.t.JMeterThread: Thread started: Thread Group 1-24
2026-09-01 09:24:21,152 INFO o.a.j.t.JMeterThread: Thread finished: Thread Group 1-24
2026-09-01 09:24:21,152 INFO o.a.j.t.JMeterThread: Thread started: Thread Group 1-9
2026-09-01 09:24:21,152 INFO o.a.j.t.JMeterThread: Thread finished: Thread Group 1-9
2026-09-01 09:24:21,152 INFO o.a.j.t.JMeterThread: Thread started: Thread Group 1-21
2026-09-01 09:24:21,152 INFO o.a.j.t.JMeterThread: Thread finished: Thread Group 1-21
2026-09-01 09:24:21,153 INFO o.a.j.t.JMeterThread: Thread started: Thread Group 1-29
2026-09-01 09:24:21,153 INFO o.a.j.t.JMeterThread: Thread finished: Thread Group 1-29
2026-09-01 09:24:21,150 INFO o.a.j.t.JMeterThread: Thread started: Thread Group 1-12
2026-09-01 09:24:21,153 INFO o.a.j.t.JMeterThread: Thread finished: Thread Group 1-12
2026-09-01 09:24:21,153 INFO o.a.j.t.JMeterThread: Thread started: Thread Group 1-26
2026-09-01 09:24:21,153 INFO o.a.j.t.JMeterThread: Thread finished: Thread Group 1-26
2026-09-01 09:24:21,154 INFO o.a.j.t.JMeterThread: Stopping: Thread Group 1-34
2026-09-01 09:24:21,154 INFO o.a.j.t.JMeterThread: Stopping: Thread Group 1-19
2026-09-01 09:24:21,154 INFO o.a.j.t.JMeterThread: Stopping: Thread Group 1-39
2026-09-01 09:24:21,154 INFO o.a.j.t.JMeterThread: Thread started: Thread Group 1-34
2026-09-01 09:24:21,154 INFO o.a.j.t.JMeterThread: Thread finished: Thread Group 1-34
2026-09-01 09:24:21,155 INFO o.a.j.t.JMeterThread: Thread started: Thread Group 1-19
2026-09-01 09:24:21,155 INFO o.a.j.t.JMeterThread: Thread started: Thread Group 1-39
2026-09-01 09:24:21,155 INFO o.a.j.t.JMeterThread: Thread finished: Thread Group 1-19
2026-09-01 09:24:21,155 INFO o.a.j.t.JMeterThread: Thread finished: Thread Group 1-39
2026-09-01 09:24:21,155 INFO o.a.j.t.JMeterThread: Stopping: Thread Group 1-35
2026-09-01 09:24:21,155 INFO o.a.j.t.JMeterThread: Stopping: Thread Group 1-50
2026-09-01 09:24:21,155 INFO o.a.j.t.JMeterThread: Stopping: Thread Group 1-16
2026-09-01 09:24:21,155 INFO o.a.j.t.JMeterThread: Stopping: Thread Group 1-32
2026-09-01 09:24:21,155 INFO o.a.j.t.JMeterThread: Stopping: Thread Group 1-47
2026-09-01 09:24:21,155 INFO o.a.j.t.JMeterThread: Stopping: Thread Group 1-11
2026-09-01 09:24:21,155 INFO o.a.j.t.JMeterThread: Stopping: Thread Group 1-33
2026-09-01 09:24:21,155 INFO o.a.j.t.JMeterThread: Stopping: Thread Group 1-18
2026-09-01 09:24:21,155 INFO o.a.j.t.JMeterThread: Stopping: Thread Group 1-10
2026-09-01 09:24:21,155 INFO o.a.j.t.JMeterThread: Stopping: Thread Group 1-28
2026-09-01 09:24:21,155 INFO o.a.j.t.JMeterThread: Stopping: Thread Group 1-25
2026-09-01 09:24:21,155 INFO o.a.j.t.JMeterThread: Stopping: Thread Group 1-38
2026-09-01 09:24:21,155 INFO o.a.j.t.JMeterThread: Stopping: Thread Group 1-41
2026-09-01 09:24:21,155 INFO o.a.j.t.JMeterThread: Stopping: Thread Group 1-31
2026-09-01 09:24:21,155 INFO o.a.j.t.JMeterThread: Thread started: Thread Group 1-35
2026-09-01 09:24:21,155 INFO o.a.j.t.JMeterThread: Thread finished: Thread Group 1-35
2026-09-01 09:24:21,156 INFO o.a.j.t.JMeterThread: Thread started: Thread Group 1-50
2026-09-01 09:24:21,156 INFO o.a.j.t.JMeterThread: Thread finished: Thread Group 1-50
2026-09-01 09:24:21,156 INFO o.a.j.t.JMeterThread: Thread started: Thread Group 1-16
2026-09-01 09:24:21,156 INFO o.a.j.t.JMeterThread: Thread finished: Thread Group 1-16
2026-09-01 09:24:21,156 INFO o.a.j.t.JMeterThread: Thread started: Thread Group 1-32
2026-09-01 09:24:21,156 INFO o.a.j.t.JMeterThread: Thread finished: Thread Group 1-32
2026-09-01 09:24:21,156 INFO o.a.j.t.JMeterThread: Thread started: Thread Group 1-47
2026-09-01 09:24:21,156 INFO o.a.j.t.JMeterThread: Thread finished: Thread Group 1-47
2026-09-01 09:24:21,157 INFO o.a.j.t.JMeterThread: Thread started: Thread Group 1-11
2026-09-01 09:24:21,157 INFO o.a.j.t.JMeterThread: Thread finished: Thread Group 1-11
2026-09-01 09:24:21,157 INFO o.a.j.t.JMeterThread: Thread started: Thread Group 1-33
2026-09-01 09:24:21,157 INFO o.a.j.t.JMeterThread: Thread finished: Thread Group 1-33
2026-09-01 09:24:21,157 INFO o.a.j.t.JMeterThread: Thread started: Thread Group 1-18
2026-09-01 09:24:21,157 INFO o.a.j.t.JMeterThread: Thread finished: Thread Group 1-18
2026-09-01 09:24:21,157 INFO o.a.j.t.JMeterThread: Thread started: Thread Group 1-10
2026-09-01 09:24:21,157 INFO o.a.j.t.JMeterThread: Thread finished: Thread Group 1-10
2026-09-01 09:24:21,157 INFO o.a.j.t.JMeterThread: Thread started: Thread Group 1-28
2026-09-01 09:24:21,157 INFO o.a.j.t.JMeterThread: Thread finished: Thread Group 1-28
2026-09-01 09:24:21,158 INFO o.a.j.t.JMeterThread: Thread started: Thread Group 1-25
2026-09-01 09:24:21,158 INFO o.a.j.t.JMeterThread: Thread finished: Thread Group 1-25
2026-09-01 09:24:21,158 INFO o.a.j.t.JMeterThread: Stopping: Thread Group 1-23
2026-09-01 09:24:21,158 INFO o.a.j.t.JMeterThread: Stopping: Thread Group 1-20
2026-09-01 09:24:21,158 INFO o.a.j.t.JMeterThread: Stopping: Thread Group 1-22
2026-09-01 09:24:21,158 INFO o.a.j.t.JMeterThread: Stopping: Thread Group 1-46
2026-09-01 09:24:21,158 INFO o.a.j.t.JMeterThread: Stopping: Thread Group 1-36
2026-09-01 09:24:21,158 INFO o.a.j.t.JMeterThread: Stopping: Thread Group 1-49
2026-09-01 09:24:21,158 INFO o.a.j.t.JMeterThread: Thread started: Thread Group 1-38
2026-09-01 09:24:21,158 INFO o.a.j.t.JMeterThread: Stopping: Thread Group 1-14
2026-09-01 09:24:21,158 INFO o.a.j.t.JMeterThread: Thread finished: Thread Group 1-38
2026-09-01 09:24:21,158 INFO o.a.j.t.JMeterThread: Stopping: Thread Group 1-37
2026-09-01 09:24:21,158 INFO o.a.j.t.JMeterThread: Stopping: Thread Group 1-17
2026-09-01 09:24:21,159 INFO o.a.j.t.JMeterThread: Thread started: Thread Group 1-14
2026-09-01 09:24:21,159 INFO o.a.j.t.JMeterThread: Thread started: Thread Group 1-41
2026-09-01 09:24:21,159 INFO o.a.j.t.JMeterThread: Thread finished: Thread Group 1-14
2026-09-01 09:24:21,159 INFO o.a.j.t.JMeterThread: Thread started: Thread Group 1-31
2026-09-01 09:24:21,159 INFO o.a.j.t.JMeterThread: Thread finished: Thread Group 1-31
2026-09-01 09:24:21,159 INFO o.a.j.t.JMeterThread: Thread finished: Thread Group 1-41
2026-09-01 09:24:21,160 INFO o.a.j.t.JMeterThread: Thread started: Thread Group 1-46
2026-09-01 09:24:21,161 INFO o.a.j.t.JMeterThread: Thread started: Thread Group 1-20
2026-09-01 09:24:21,161 INFO o.a.j.t.JMeterThread: Thread finished: Thread Group 1-20
2026-09-01 09:24:21,161 INFO o.a.j.t.JMeterThread: Thread started: Thread Group 1-22
2026-09-01 09:24:21,161 INFO o.a.j.t.JMeterThread: Thread finished: Thread Group 1-22
2026-09-01 09:24:21,161 INFO o.a.j.t.JMeterThread: Thread started: Thread Group 1-23
2026-09-01 09:24:21,161 INFO o.a.j.t.JMeterThread: Thread finished: Thread Group 1-23
2026-09-01 09:24:21,162 INFO o.a.j.t.JMeterThread: Thread started: Thread Group 1-36
2026-09-01 09:24:21,162 INFO o.a.j.t.JMeterThread: Thread finished: Thread Group 1-36
2026-09-01 09:24:21,162 INFO o.a.j.t.JMeterThread: Thread started: Thread Group 1-49
2026-09-01 09:24:21,162 INFO o.a.j.t.JMeterThread: Thread finished: Thread Group 1-49
2026-09-01 09:24:21,162 INFO o.a.j.t.JMeterThread: Thread started: Thread Group 1-37
2026-09-01 09:24:21,162 INFO o.a.j.t.JMeterThread: Thread finished: Thread Group 1-37
2026-09-01 09:24:21,162 INFO o.a.j.t.JMeterThread: Thread started: Thread Group 1-17
2026-09-01 09:24:21,162 INFO o.a.j.t.JMeterThread: Thread finished: Thread Group 1-17
2026-09-01 09:24:21,163 INFO o.a.j.t.JMeterThread: Thread finished: Thread Group 1-46
2026-09-01 09:24:21,163 INFO o.a.j.e.StandardJMeterEngine: Notifying test listeners of end of test
2026-09-01 09:24:21,164 INFO o.a.j.g.u.JMeterMenuBar: setRunning(false, *local*)
2026-09-01 10:04:53,704 INFO o.a.j.e.StandardJMeterEngine: Running the test!
2026-09-01 10:04:53,705 INFO o.a.j.s.SampleEvent: List of sample_variables: []
2026-09-01 10:04:53,705 INFO o.a.j.g.u.JMeterMenuBar: setRunning(true, *local*)
2026-09-01 10:04:53,756 INFO o.a.j.e.StandardJMeterEngine: Starting ThreadGroup: 1 : Thread Group
2026-09-01 10:04:53,756 INFO o.a.j.e.StandardJMeterEngine: Starting 50 threads for group Thread Group.
2026-09-01 10:04:53,756 INFO o.a.j.e.StandardJMeterEngine: Thread will continue on error
2026-09-01 10:04:53,756 INFO o.a.j.t.ThreadGroup: Starting thread group... number=1 threads=50 ramp-up=60 delayedStart=false
2026-09-01 10:04:53,757 INFO o.a.j.t.JMeterThread: Thread started: Thread Group 1-1
2026-09-01 10:04:53,763 INFO o.a.j.t.JMeterThread: Thread is done: Thread Group 1-1
2026-09-01 10:04:53,764 INFO o.a.j.t.JMeterThread: Thread finished: Thread Group 1-1
2026-09-01 10:04:53,784 INFO o.a.j.t.ThreadGroup: Started thread group number 1
2026-09-01 10:04:53,784 INFO o.a.j.e.StandardJMeterEngine: All thread groups have been started
2026-09-01 10:04:54,957 INFO o.a.j.t.JMeterThread: Thread started: Thread Group 1-2
2026-09-01 10:04:54,962 INFO o.a.j.t.JMeterThread: Thread is done: Thread Group 1-2
2026-09-01 10:04:54,962 INFO o.a.j.t.JMeterThread: Thread finished: Thread Group 1-2
2026-09-01 10:04:56,156 INFO o.a.j.t.JMeterThread: Thread started: Thread Group 1-3
2026-09-01 10:04:56,160 INFO o.a.j.t.JMeterThread: Thread is done: Thread Group 1-3
2026-09-01 10:04:56,160 INFO o.a.j.t.JMeterThread: Thread finished: Thread Group 1-3
2026-09-01 10:04:57,357 INFO o.a.j.t.JMeterThread: Thread started: Thread Group 1-4
2026-09-01 10:04:57,361 INFO o.a.j.t.JMeterThread: Thread is done: Thread Group 1-4
2026-09-01 10:04:57,361 INFO o.a.j.t.JMeterThread: Thread finished: Thread Group 1-4
2026-09-01 10:04:58,558 INFO o.a.j.t.JMeterThread: Thread started: Thread Group 1-5
2026-09-01 10:04:58,563 INFO o.a.j.t.JMeterThread: Thread is done: Thread Group 1-5
2026-09-01 10:04:58,563 INFO o.a.j.t.JMeterThread: Thread finished: Thread Group 1-5
2026-09-01 10:04:59,757 INFO o.a.j.t.JMeterThread: Thread started: Thread Group 1-6
2026-09-01 10:04:59,761 INFO o.a.j.t.JMeterThread: Thread is done: Thread Group 1-6
2026-09-01 10:04:59,761 INFO o.a.j.t.JMeterThread: Thread finished: Thread Group 1-6
2026-09-01 10:05:00,959 INFO o.a.j.t.JMeterThread: Thread started: Thread Group 1-7
2026-09-01 10:05:00,963 INFO o.a.j.t.JMeterThread: Thread is done: Thread Group 1-7
2026-09-01 10:05:00,964 INFO o.a.j.t.JMeterThread: Thread finished: Thread Group 1-7
2026-09-01 10:05:02,156 INFO o.a.j.t.JMeterThread: Thread started: Thread Group 1-8
2026-09-01 10:05:02,162 INFO o.a.j.t.JMeterThread: Thread is done: Thread Group 1-8
2026-09-01 10:05:02,162 INFO o.a.j.t.JMeterThread: Thread finished: Thread Group 1-8
2026-09-01 10:05:03,357 INFO o.a.j.t.JMeterThread: Thread started: Thread Group 1-9
2026-09-01 10:05:03,361 INFO o.a.j.t.JMeterThread: Thread is done: Thread Group 1-9
2026-09-01 10:05:03,361 INFO o.a.j.t.JMeterThread: Thread finished: Thread Group 1-9
2026-09-01 10:05:04,557 INFO o.a.j.t.JMeterThread: Thread started: Thread Group 1-10
2026-09-01 10:05:04,561 INFO o.a.j.t.JMeterThread: Thread is done: Thread Group 1-10
2026-09-01 10:05:04,561 INFO o.a.j.t.JMeterThread: Thread finished: Thread Group 1-10
2026-09-01 10:05:05,757 INFO o.a.j.t.JMeterThread: Thread started: Thread Group 1-11
2026-09-01 10:05:05,769 INFO o.a.j.t.JMeterThread: Thread is done: Thread Group 1-11
2026-09-01 10:05:05,770 INFO o.a.j.t.JMeterThread: Thread finished: Thread Group 1-11
2026-09-01 10:05:06,957 INFO o.a.j.t.JMeterThread: Thread started: Thread Group 1-12
2026-09-01 10:05:06,962 INFO o.a.j.t.JMeterThread: Thread is done: Thread Group 1-12
2026-09-01 10:05:06,962 INFO o.a.j.t.JMeterThread: Thread finished: Thread Group 1-12
2026-09-01 10:05:08,156 INFO o.a.j.t.JMeterThread: Thread started: Thread Group 1-13
2026-09-01 10:05:08,161 INFO o.a.j.t.JMeterThread: Thread is done: Thread Group 1-13
2026-09-01 10:05:08,161 INFO o.a.j.t.JMeterThread: Thread finished: Thread Group 1-13
2026-09-01 10:05:09,357 INFO o.a.j.t.JMeterThread: Thread started: Thread Group 1-14
2026-09-01 10:05:09,363 INFO o.a.j.t.JMeterThread: Thread is done: Thread Group 1-14
2026-09-01 10:05:09,363 INFO o.a.j.t.JMeterThread: Thread finished: Thread Group 1-14
2026-09-01 10:05:10,557 INFO o.a.j.t.JMeterThread: Thread started: Thread Group 1-15
2026-09-01 10:05:10,561 INFO o.a.j.t.JMeterThread: Thread is done: Thread Group 1-15
2026-09-01 10:05:10,561 INFO o.a.j.t.JMeterThread: Thread finished: Thread Group 1-15
2026-09-01 10:05:11,757 INFO o.a.j.t.JMeterThread: Thread started: Thread Group 1-16
2026-09-01 10:05:11,762 INFO o.a.j.t.JMeterThread: Thread is done: Thread Group 1-16
2026-09-01 10:05:11,762 INFO o.a.j.t.JMeterThread: Thread finished: Thread Group 1-16
2026-09-01 10:05:12,957 INFO o.a.j.t.JMeterThread: Thread started: Thread Group 1-17
2026-09-01 10:05:12,963 INFO o.a.j.t.JMeterThread: Thread is done: Thread Group 1-17
2026-09-01 10:05:12,963 INFO o.a.j.t.JMeterThread: Thread finished: Thread Group 1-17
2026-09-01 10:05:14,156 INFO o.a.j.t.JMeterThread: Thread started: Thread Group 1-18
2026-09-01 10:05:14,160 INFO o.a.j.t.JMeterThread: Thread is done: Thread Group 1-18
2026-09-01 10:05:14,160 INFO o.a.j.t.JMeterThread: Thread finished: Thread Group 1-18
2026-09-01 10:05:15,358 INFO o.a.j.t.JMeterThread: Thread started: Thread Group 1-19
2026-09-01 10:05:15,363 INFO o.a.j.t.JMeterThread: Thread is done: Thread Group 1-19
2026-09-01 10:05:15,363 INFO o.a.j.t.JMeterThread: Thread finished: Thread Group 1-19
2026-09-01 10:05:16,558 INFO o.a.j.t.JMeterThread: Thread started: Thread Group 1-20
2026-09-01 10:05:16,562 INFO o.a.j.t.JMeterThread: Thread is done: Thread Group 1-20
2026-09-01 10:05:16,563 INFO o.a.j.t.JMeterThread: Thread finished: Thread Group 1-20
2026-09-01 10:05:17,756 INFO o.a.j.t.JMeterThread: Thread started: Thread Group 1-21
2026-09-01 10:05:17,761 INFO o.a.j.t.JMeterThread: Thread is done: Thread Group 1-21
2026-09-01 10:05:17,761 INFO o.a.j.t.JMeterThread: Thread finished: Thread Group 1-21
2026-09-01 10:05:18,956 INFO o.a.j.t.JMeterThread: Thread started: Thread Group 1-22
2026-09-01 10:05:18,960 INFO o.a.j.t.JMeterThread: Thread is done: Thread Group 1-22
2026-09-01 10:05:18,960 INFO o.a.j.t.JMeterThread: Thread finished: Thread Group 1-22
2026-09-01 10:05:20,157 INFO o.a.j.t.JMeterThread: Thread started: Thread Group 1-23
2026-09-01 10:05:20,162 INFO o.a.j.t.JMeterThread: Thread is done: Thread Group 1-23
2026-09-01 10:05:20,162 INFO o.a.j.t.JMeterThread: Thread finished: Thread Group 1-23
2026-09-01 10:05:21,357 INFO o.a.j.t.JMeterThread: Thread started: Thread Group 1-24
2026-09-01 10:05:21,361 INFO o.a.j.t.JMeterThread: Thread is done: Thread Group 1-24
2026-09-01 10:05:21,362 INFO o.a.j.t.JMeterThread: Thread finished: Thread Group 1-24
2026-09-01 10:05:22,557 INFO o.a.j.t.JMeterThread: Thread started: Thread Group 1-25
2026-09-01 10:05:22,563 INFO o.a.j.t.JMeterThread: Thread is done: Thread Group 1-25
2026-09-01 10:05:22,563 INFO o.a.j.t.JMeterThread: Thread finished: Thread Group 1-25
2026-09-01 10:05:23,757 INFO o.a.j.t.JMeterThread: Thread started: Thread Group 1-26
2026-09-01 10:05:23,767 INFO o.a.j.t.JMeterThread: Thread is done: Thread Group 1-26
2026-09-01 10:05:23,767 INFO o.a.j.t.JMeterThread: Thread finished: Thread Group 1-26
2026-09-01 10:05:24,957 INFO o.a.j.t.JMeterThread: Thread started: Thread Group 1-27
2026-09-01 10:05:24,962 INFO o.a.j.t.JMeterThread: Thread is done: Thread Group 1-27
2026-09-01 10:05:24,962 INFO o.a.j.t.JMeterThread: Thread finished: Thread Group 1-27
2026-09-01 10:05:26,156 INFO o.a.j.t.JMeterThread: Thread started: Thread Group 1-28
2026-09-01 10:05:26,162 INFO o.a.j.t.JMeterThread: Thread is done: Thread Group 1-28
2026-09-01 10:05:26,162 INFO o.a.j.t.JMeterThread: Thread finished: Thread Group 1-28
2026-09-01 10:05:27,358 INFO o.a.j.t.JMeterThread: Thread started: Thread Group 1-29
2026-09-01 10:05:27,361 INFO o.a.j.t.JMeterThread: Thread is done: Thread Group 1-29
2026-09-01 10:05:27,361 INFO o.a.j.t.JMeterThread: Thread finished: Thread Group 1-29
2026-09-01 10:05:28,558 INFO o.a.j.t.JMeterThread: Thread started: Thread Group 1-30
2026-09-01 10:05:28,582 INFO o.a.j.t.JMeterThread: Thread is done: Thread Group 1-30
2026-09-01 10:05:28,582 INFO o.a.j.t.JMeterThread: Thread finished: Thread Group 1-30
2026-09-01 10:05:29,756 INFO o.a.j.t.JMeterThread: Thread started: Thread Group 1-31
2026-09-01 10:05:29,773 INFO o.a.j.t.JMeterThread: Thread is done: Thread Group 1-31
2026-09-01 10:05:29,773 INFO o.a.j.t.JMeterThread: Thread finished: Thread Group 1-31
2026-09-01 10:05:30,958 INFO o.a.j.t.JMeterThread: Thread started: Thread Group 1-32
2026-09-01 10:05:30,962 INFO o.a.j.t.JMeterThread: Thread is done: Thread Group 1-32
2026-09-01 10:05:30,962 INFO o.a.j.t.JMeterThread: Thread finished: Thread Group 1-32
2026-09-01 10:05:32,156 INFO o.a.j.t.JMeterThread: Thread started: Thread Group 1-33
2026-09-01 10:05:32,174 INFO o.a.j.t.JMeterThread: Thread is done: Thread Group 1-33
2026-09-01 10:05:32,174 INFO o.a.j.t.JMeterThread: Thread finished: Thread Group 1-33
2026-09-01 10:05:33,357 INFO o.a.j.t.JMeterThread: Thread started: Thread Group 1-34
2026-09-01 10:05:33,361 INFO o.a.j.t.JMeterThread: Thread is done: Thread Group 1-34
2026-09-01 10:05:33,361 INFO o.a.j.t.JMeterThread: Thread finished: Thread Group 1-34
2026-09-01 10:05:34,556 INFO o.a.j.t.JMeterThread: Thread started: Thread Group 1-35
2026-09-01 10:05:34,562 INFO o.a.j.t.JMeterThread: Thread is done: Thread Group 1-35
2026-09-01 10:05:34,562 INFO o.a.j.t.JMeterThread: Thread finished: Thread Group 1-35
2026-09-01 10:05:35,757 INFO o.a.j.t.JMeterThread: Thread started: Thread Group 1-36
2026-09-01 10:05:35,776 INFO o.a.j.t.JMeterThread: Thread is done: Thread Group 1-36
2026-09-01 10:05:35,776 INFO o.a.j.t.JMeterThread: Thread finished: Thread Group 1-36
2026-09-01 10:05:36,957 INFO o.a.j.t.JMeterThread: Thread started: Thread Group 1-37
2026-09-01 10:05:36,983 INFO o.a.j.t.JMeterThread: Thread is done: Thread Group 1-37
2026-09-01 10:05:36,983 INFO o.a.j.t.JMeterThread: Thread finished: Thread Group 1-37
2026-09-01 10:05:38,158 INFO o.a.j.t.JMeterThread: Thread started: Thread Group 1-38
2026-09-01 10:05:38,163 INFO o.a.j.t.JMeterThread: Thread is done: Thread Group 1-38
2026-09-01 10:05:38,163 INFO o.a.j.t.JMeterThread: Thread finished: Thread Group 1-38
2026-09-01 10:05:39,356 INFO o.a.j.t.JMeterThread: Thread started: Thread Group 1-39
2026-09-01 10:05:39,375 INFO o.a.j.t.JMeterThread: Thread is done: Thread Group 1-39
2026-09-01 10:05:39,375 INFO o.a.j.t.JMeterThread: Thread finished: Thread Group 1-39
2026-09-01 10:05:40,556 INFO o.a.j.t.JMeterThread: Thread started: Thread Group 1-40
2026-09-01 10:05:40,563 INFO o.a.j.t.JMeterThread: Thread is done: Thread Group 1-40
2026-09-01 10:05:40,563 INFO o.a.j.t.JMeterThread: Thread finished: Thread Group 1-40
2026-09-01 10:05:41,758 INFO o.a.j.t.JMeterThread: Thread started: Thread Group 1-41
2026-09-01 10:05:41,773 INFO o.a.j.t.JMeterThread: Thread is done: Thread Group 1-41
2026-09-01 10:05:41,773 INFO o.a.j.t.JMeterThread: Thread finished: Thread Group 1-41
2026-09-01 10:05:42,957 INFO o.a.j.t.JMeterThread: Thread started: Thread Group 1-42
2026-09-01 10:05:42,962 INFO o.a.j.t.JMeterThread: Thread is done: Thread Group 1-42
2026-09-01 10:05:42,962 INFO o.a.j.t.JMeterThread: Thread finished: Thread Group 1-42
2026-09-01 10:05:44,158 INFO o.a.j.t.JMeterThread: Thread started: Thread Group 1-43
2026-09-01 10:05:44,163 INFO o.a.j.t.JMeterThread: Thread is done: Thread Group 1-43
2026-09-01 10:05:44,163 INFO o.a.j.t.JMeterThread: Thread finished: Thread Group 1-43
2026-09-01 10:05:45,356 INFO o.a.j.t.JMeterThread: Thread started: Thread Group 1-44
2026-09-01 10:05:45,364 INFO o.a.j.t.JMeterThread: Thread is done: Thread Group 1-44
2026-09-01 10:05:45,364 INFO o.a.j.t.JMeterThread: Thread finished: Thread Group 1-44
2026-09-01 10:05:46,558 INFO o.a.j.t.JMeterThread: Thread started: Thread Group 1-45
2026-09-01 10:05:46,564 INFO o.a.j.t.JMeterThread: Thread is done: Thread Group 1-45
2026-09-01 10:05:46,565 INFO o.a.j.t.JMeterThread: Thread finished: Thread Group 1-45
2026-09-01 10:05:47,758 INFO o.a.j.t.JMeterThread: Thread started: Thread Group 1-46
2026-09-01 10:05:47,762 INFO o.a.j.t.JMeterThread: Thread is done: Thread Group 1-46
2026-09-01 10:05:47,762 INFO o.a.j.t.JMeterThread: Thread finished: Thread Group 1-46
2026-09-01 10:05:48,957 INFO o.a.j.t.JMeterThread: Thread started: Thread Group 1-47
2026-09-01 10:05:48,961 INFO o.a.j.t.JMeterThread: Thread is done: Thread Group 1-47
2026-09-01 10:05:48,961 INFO o.a.j.t.JMeterThread: Thread finished: Thread Group 1-47
2026-09-01 10:05:50,157 INFO o.a.j.t.JMeterThread: Thread started: Thread Group 1-48
2026-09-01 10:05:50,182 INFO o.a.j.t.JMeterThread: Thread is done: Thread Group 1-48
2026-09-01 10:05:50,182 INFO o.a.j.t.JMeterThread: Thread finished: Thread Group 1-48
2026-09-01 10:05:51,356 INFO o.a.j.t.JMeterThread: Thread started: Thread Group 1-49
2026-09-01 10:05:51,360 INFO o.a.j.t.JMeterThread: Thread is done: Thread Group 1-49
2026-09-01 10:05:51,360 INFO o.a.j.t.JMeterThread: Thread finished: Thread Group 1-49
2026-09-01 10:05:52,557 INFO o.a.j.t.JMeterThread: Thread started: Thread Group 1-50
2026-09-01 10:05:52,561 INFO o.a.j.t.JMeterThread: Thread is done: Thread Group 1-50
2026-09-01 10:05:52,561 INFO o.a.j.t.JMeterThread: Thread finished: Thread Group 1-50
2026-09-01 10:05:52,562 INFO o.a.j.e.StandardJMeterEngine: Notifying test listeners of end of test
2026-09-01 10:05:52,563 INFO o.a.j.g.u.JMeterMenuBar: setRunning(false, *local*)
2026-09-01 10:15:23,938 INFO o.a.j.e.StandardJMeterEngine: Running the test!
2026-09-01 10:15:23,938 INFO o.a.j.s.SampleEvent: List of sample_variables: []
2026-09-01 10:15:23,938 INFO o.a.j.g.u.JMeterMenuBar: setRunning(true, *local*)
2026-09-01 10:15:23,950 INFO o.a.j.e.StandardJMeterEngine: Starting ThreadGroup: 1 : Thread Group
2026-09-01 10:15:23,950 INFO o.a.j.e.StandardJMeterEngine: Starting 50 threads for group Thread Group.
2026-09-01 10:15:23,950 INFO o.a.j.e.StandardJMeterEngine: Thread will continue on error
2026-09-01 10:15:23,950 INFO o.a.j.t.ThreadGroup: Starting thread group... number=1 threads=50 ramp-up=60 delayedStart=false
2026-09-01 10:15:23,950 INFO o.a.j.t.JMeterThread: Thread started: Thread Group 1-1
2026-09-01 10:15:23,956 INFO o.a.j.t.JMeterThread: Thread is done: Thread Group 1-1
2026-09-01 10:15:23,957 INFO o.a.j.t.JMeterThread: Thread finished: Thread Group 1-1
2026-09-01 10:15:23,983 INFO o.a.j.t.ThreadGroup: Started thread group number 1
2026-09-01 10:15:23,983 INFO o.a.j.e.StandardJMeterEngine: All thread groups have been started
2026-09-01 10:15:25,152 INFO o.a.j.t.JMeterThread: Thread started: Thread Group 1-2
2026-09-01 10:15:25,159 INFO o.a.j.t.JMeterThread: Thread is done: Thread Group 1-2
2026-09-01 10:15:25,159 INFO o.a.j.t.JMeterThread: Thread finished: Thread Group 1-2
2026-09-01 10:15:26,357 INFO o.a.j.t.JMeterThread: Thread started: Thread Group 1-3
2026-09-01 10:15:26,395 INFO o.a.j.t.JMeterThread: Thread is done: Thread Group 1-3
2026-09-01 10:15:26,396 INFO o.a.j.t.JMeterThread: Thread finished: Thread Group 1-3
2026-09-01 10:15:27,556 INFO o.a.j.t.JMeterThread: Thread started: Thread Group 1-4
2026-09-01 10:15:27,562 INFO o.a.j.t.JMeterThread: Thread is done: Thread Group 1-4
2026-09-01 10:15:27,562 INFO o.a.j.t.JMeterThread: Thread finished: Thread Group 1-4
2026-09-01 10:15:28,755 INFO o.a.j.t.JMeterThread: Thread started: Thread Group 1-5
2026-09-01 10:15:28,762 INFO o.a.j.t.JMeterThread: Thread is done: Thread Group 1-5
2026-09-01 10:15:28,762 INFO o.a.j.t.JMeterThread: Thread finished: Thread Group 1-5
2026-09-01 10:15:29,952 INFO o.a.j.t.JMeterThread: Thread started: Thread Group 1-6
2026-09-01 10:15:29,958 INFO o.a.j.t.JMeterThread: Thread is done: Thread Group 1-6
2026-09-01 10:15:29,958 INFO o.a.j.t.JMeterThread: Thread finished: Thread Group 1-6
2026-09-01 10:15:31,152 INFO o.a.j.t.JMeterThread: Thread started: Thread Group 1-7
2026-09-01 10:15:31,234 INFO o.a.j.t.JMeterThread: Thread is done: Thread Group 1-7
2026-09-01 10:15:31,234 INFO o.a.j.t.JMeterThread: Thread finished: Thread Group 1-7
2026-09-01 10:15:32,355 INFO o.a.j.t.JMeterThread: Thread started: Thread Group 1-8
2026-09-01 10:15:32,361 INFO o.a.j.t.JMeterThread: Thread is done: Thread Group 1-8
2026-09-01 10:15:32,361 INFO o.a.j.t.JMeterThread: Thread finished: Thread Group 1-8
2026-09-01 10:15:33,558 INFO o.a.j.t.JMeterThread: Thread started: Thread Group 1-9
2026-09-01 10:15:33,563 INFO o.a.j.t.JMeterThread: Thread is done: Thread Group 1-9
2026-09-01 10:15:33,563 INFO o.a.j.t.JMeterThread: Thread finished: Thread Group 1-9
2026-09-01 10:15:34,752 INFO o.a.j.t.JMeterThread: Thread started: Thread Group 1-10
2026-09-01 10:15:34,756 INFO o.a.j.t.JMeterThread: Thread is done: Thread Group 1-10
2026-09-01 10:15:34,756 INFO o.a.j.t.JMeterThread: Thread finished: Thread Group 1-10
2026-09-01 10:15:35,950 INFO o.a.j.t.JMeterThread: Thread started: Thread Group 1-11
2026-09-01 10:15:35,962 INFO o.a.j.t.JMeterThread: Thread is done: Thread Group 1-11
2026-09-01 10:15:35,962 INFO o.a.j.t.JMeterThread: Thread finished: Thread Group 1-11
2026-09-01 10:15:37,150 INFO o.a.j.t.JMeterThread: Thread started: Thread Group 1-12
2026-09-01 10:15:37,155 INFO o.a.j.t.JMeterThread: Thread is done: Thread Group 1-12
2026-09-01 10:15:37,155 INFO o.a.j.t.JMeterThread: Thread finished: Thread Group 1-12
2026-09-01 10:15:38,352 INFO o.a.j.t.JMeterThread: Thread started: Thread Group 1-13
2026-09-01 10:15:38,356 INFO o.a.j.t.JMeterThread: Thread is done: Thread Group 1-13
2026-09-01 10:15:38,356 INFO o.a.j.t.JMeterThread: Thread finished: Thread Group 1-13
2026-09-01 10:15:39,550 INFO o.a.j.t.JMeterThread: Thread started: Thread Group 1-14
2026-09-01 10:15:39,557 INFO o.a.j.t.JMeterThread: Thread is done: Thread Group 1-14
2026-09-01 10:15:39,557 INFO o.a.j.t.JMeterThread: Thread finished: Thread Group 1-14
2026-09-01 10:15:40,756 INFO o.a.j.t.JMeterThread: Thread started: Thread Group 1-15
2026-09-01 10:15:40,760 INFO o.a.j.t.JMeterThread: Thread is done: Thread Group 1-15
2026-09-01 10:15:40,760 INFO o.a.j.t.JMeterThread: Thread finished: Thread Group 1-15
2026-09-01 10:15:41,951 INFO o.a.j.t.JMeterThread: Thread started: Thread Group 1-16
2026-09-01 10:15:41,957 INFO o.a.j.t.JMeterThread: Thread is done: Thread Group 1-16
2026-09-01 10:15:41,957 INFO o.a.j.t.JMeterThread: Thread finished: Thread Group 1-16
2026-09-01 10:15:43,154 INFO o.a.j.t.JMeterThread: Thread started: Thread Group 1-17
2026-09-01 10:15:43,159 INFO o.a.j.t.JMeterThread: Thread is done: Thread Group 1-17
2026-09-01 10:15:43,160 INFO o.a.j.t.JMeterThread: Thread finished: Thread Group 1-17
2026-09-01 10:15:44,350 INFO o.a.j.t.JMeterThread: Thread started: Thread Group 1-18
2026-09-01 10:15:44,365 INFO o.a.j.t.JMeterThread: Thread is done: Thread Group 1-18
2026-09-01 10:15:44,365 INFO o.a.j.t.JMeterThread: Thread finished: Thread Group 1-18
2026-09-01 10:15:45,551 INFO o.a.j.t.JMeterThread: Thread started: Thread Group 1-19
2026-09-01 10:15:45,556 INFO o.a.j.t.JMeterThread: Thread is done: Thread Group 1-19
2026-09-01 10:15:45,556 INFO o.a.j.t.JMeterThread: Thread finished: Thread Group 1-19
2026-09-01 10:15:46,752 INFO o.a.j.t.JMeterThread: Thread started: Thread Group 1-20
2026-09-01 10:15:46,756 INFO o.a.j.t.JMeterThread: Thread is done: Thread Group 1-20
2026-09-01 10:15:46,756 INFO o.a.j.t.JMeterThread: Thread finished: Thread Group 1-20
2026-09-01 10:15:47,950 INFO o.a.j.t.JMeterThread: Thread started: Thread Group 1-21
2026-09-01 10:15:47,955 INFO o.a.j.t.JMeterThread: Thread is done: Thread Group 1-21
2026-09-01 10:15:47,955 INFO o.a.j.t.JMeterThread: Thread finished: Thread Group 1-21
2026-09-01 10:15:49,155 INFO o.a.j.t.JMeterThread: Thread started: Thread Group 1-22
2026-09-01 10:15:49,161 INFO o.a.j.t.JMeterThread: Thread is done: Thread Group 1-22
2026-09-01 10:15:49,161 INFO o.a.j.t.JMeterThread: Thread finished: Thread Group 1-22
2026-09-01 10:15:50,355 INFO o.a.j.t.JMeterThread: Thread started: Thread Group 1-23
2026-09-01 10:15:50,359 INFO o.a.j.t.JMeterThread: Thread is done: Thread Group 1-23
2026-09-01 10:15:50,360 INFO o.a.j.t.JMeterThread: Thread finished: Thread Group 1-23
2026-09-01 10:15:51,551 INFO o.a.j.t.JMeterThread: Thread started: Thread Group 1-24
2026-09-01 10:15:51,556 INFO o.a.j.t.JMeterThread: Thread is done: Thread Group 1-24
2026-09-01 10:15:51,556 INFO o.a.j.t.JMeterThread: Thread finished: Thread Group 1-24
2026-09-01 10:15:52,758 INFO o.a.j.t.JMeterThread: Thread started: Thread Group 1-25
2026-09-01 10:15:52,763 INFO o.a.j.t.JMeterThread: Thread is done: Thread Group 1-25
2026-09-01 10:15:52,763 INFO o.a.j.t.JMeterThread: Thread finished: Thread Group 1-25
2026-09-01 10:15:53,954 INFO o.a.j.t.JMeterThread: Thread started: Thread Group 1-26
2026-09-01 10:15:53,960 INFO o.a.j.t.JMeterThread: Thread is done: Thread Group 1-26
2026-09-01 10:15:53,961 INFO o.a.j.t.JMeterThread: Thread finished: Thread Group 1-26
2026-09-01 10:15:55,154 INFO o.a.j.t.JMeterThread: Thread started: Thread Group 1-27
2026-09-01 10:15:55,161 INFO o.a.j.t.JMeterThread: Thread is done: Thread Group 1-27
2026-09-01 10:15:55,161 INFO o.a.j.t.JMeterThread: Thread finished: Thread Group 1-27
2026-09-01 10:15:56,351 INFO o.a.j.t.JMeterThread: Thread started: Thread Group 1-28
2026-09-01 10:15:56,393 INFO o.a.j.t.JMeterThread: Thread is done: Thread Group 1-28
2026-09-01 10:15:56,393 INFO o.a.j.t.JMeterThread: Thread finished: Thread Group 1-28
2026-09-01 10:15:57,550 INFO o.a.j.t.JMeterThread: Thread started: Thread Group 1-29
2026-09-01 10:15:57,555 INFO o.a.j.t.JMeterThread: Thread is done: Thread Group 1-29
2026-09-01 10:15:57,555 INFO o.a.j.t.JMeterThread: Thread finished: Thread Group 1-29
2026-09-01 10:15:58,750 INFO o.a.j.t.JMeterThread: Thread started: Thread Group 1-30
2026-09-01 10:15:58,755 INFO o.a.j.t.JMeterThread: Thread is done: Thread Group 1-30
2026-09-01 10:15:58,755 INFO o.a.j.t.JMeterThread: Thread finished: Thread Group 1-30
2026-09-01 10:15:59,951 INFO o.a.j.t.JMeterThread: Thread started: Thread Group 1-31
2026-09-01 10:15:59,958 INFO o.a.j.t.JMeterThread: Thread is done: Thread Group 1-31
2026-09-01 10:15:59,958 INFO o.a.j.t.JMeterThread: Thread finished: Thread Group 1-31
2026-09-01 10:16:01,151 INFO o.a.j.t.JMeterThread: Thread started: Thread Group 1-32
2026-09-01 10:16:01,156 INFO o.a.j.t.JMeterThread: Thread is done: Thread Group 1-32
2026-09-01 10:16:01,156 INFO o.a.j.t.JMeterThread: Thread finished: Thread Group 1-32
2026-09-01 10:16:02,352 INFO o.a.j.t.JMeterThread: Thread started: Thread Group 1-33
2026-09-01 10:16:02,356 INFO o.a.j.t.JMeterThread: Thread is done: Thread Group 1-33
2026-09-01 10:16:02,356 INFO o.a.j.t.JMeterThread: Thread finished: Thread Group 1-33
2026-09-01 10:16:03,550 INFO o.a.j.t.JMeterThread: Thread started: Thread Group 1-34
2026-09-01 10:16:03,555 INFO o.a.j.t.JMeterThread: Thread is done: Thread Group 1-34
2026-09-01 10:16:03,556 INFO o.a.j.t.JMeterThread: Thread finished: Thread Group 1-34
2026-09-01 10:16:04,750 INFO o.a.j.t.JMeterThread: Thread started: Thread Group 1-35
2026-09-01 10:16:04,756 INFO o.a.j.t.JMeterThread: Thread is done: Thread Group 1-35
2026-09-01 10:16:04,756 INFO o.a.j.t.JMeterThread: Thread finished: Thread Group 1-35
2026-09-01 10:16:05,950 INFO o.a.j.t.JMeterThread: Thread started: Thread Group 1-36
2026-09-01 10:16:05,956 INFO o.a.j.t.JMeterThread: Thread is done: Thread Group 1-36
2026-09-01 10:16:05,956 INFO o.a.j.t.JMeterThread: Thread finished: Thread Group 1-36
2026-09-01 10:16:07,150 INFO o.a.j.t.JMeterThread: Thread started: Thread Group 1-37
2026-09-01 10:16:07,167 INFO o.a.j.t.JMeterThread: Thread is done: Thread Group 1-37
2026-09-01 10:16:07,168 INFO o.a.j.t.JMeterThread: Thread finished: Thread Group 1-37
2026-09-01 10:16:08,351 INFO o.a.j.t.JMeterThread: Thread started: Thread Group 1-38
2026-09-01 10:16:08,355 INFO o.a.j.t.JMeterThread: Thread is done: Thread Group 1-38
2026-09-01 10:16:08,355 INFO o.a.j.t.JMeterThread: Thread finished: Thread Group 1-38
2026-09-01 10:16:09,551 INFO o.a.j.t.JMeterThread: Thread started: Thread Group 1-39
2026-09-01 10:16:09,557 INFO o.a.j.t.JMeterThread: Thread is done: Thread Group 1-39
2026-09-01 10:16:09,557 INFO o.a.j.t.JMeterThread: Thread finished: Thread Group 1-39
2026-09-01 10:16:10,751 INFO o.a.j.t.JMeterThread: Thread started: Thread Group 1-40
2026-09-01 10:16:10,755 INFO o.a.j.t.JMeterThread: Thread is done: Thread Group 1-40
2026-09-01 10:16:10,755 INFO o.a.j.t.JMeterThread: Thread finished: Thread Group 1-40
2026-09-01 10:16:11,950 INFO o.a.j.t.JMeterThread: Thread started: Thread Group 1-41
2026-09-01 10:16:11,954 INFO o.a.j.t.JMeterThread: Thread is done: Thread Group 1-41
2026-09-01 10:16:11,955 INFO o.a.j.t.JMeterThread: Thread finished: Thread Group 1-41
2026-09-01 10:16:13,151 INFO o.a.j.t.JMeterThread: Thread started: Thread Group 1-42
2026-09-01 10:16:13,155 INFO o.a.j.t.JMeterThread: Thread is done: Thread Group 1-42
2026-09-01 10:16:13,155 INFO o.a.j.t.JMeterThread: Thread finished: Thread Group 1-42
2026-09-01 10:16:14,350 INFO o.a.j.t.JMeterThread: Thread started: Thread Group 1-43
2026-09-01 10:16:14,355 INFO o.a.j.t.JMeterThread: Thread is done: Thread Group 1-43
2026-09-01 10:16:14,355 INFO o.a.j.t.JMeterThread: Thread finished: Thread Group 1-43
2026-09-01 10:16:15,552 INFO o.a.j.t.JMeterThread: Thread started: Thread Group 1-44
2026-09-01 10:16:15,557 INFO o.a.j.t.JMeterThread: Thread is done: Thread Group 1-44
2026-09-01 10:16:15,557 INFO o.a.j.t.JMeterThread: Thread finished: Thread Group 1-44
2026-09-01 10:16:16,750 INFO o.a.j.t.JMeterThread: Thread started: Thread Group 1-45
2026-09-01 10:16:16,754 INFO o.a.j.t.JMeterThread: Thread is done: Thread Group 1-45
2026-09-01 10:16:16,754 INFO o.a.j.t.JMeterThread: Thread finished: Thread Group 1-45
2026-09-01 10:16:17,951 INFO o.a.j.t.JMeterThread: Thread started: Thread Group 1-46
2026-09-01 10:16:17,964 INFO o.a.j.t.JMeterThread: Thread is done: Thread Group 1-46
2026-09-01 10:16:17,964 INFO o.a.j.t.JMeterThread: Thread finished: Thread Group 1-46
2026-09-01 10:16:19,151 INFO o.a.j.t.JMeterThread: Thread started: Thread Group 1-47
2026-09-01 10:16:19,156 INFO o.a.j.t.JMeterThread: Thread is done: Thread Group 1-47
2026-09-01 10:16:19,156 INFO o.a.j.t.JMeterThread: Thread finished: Thread Group 1-47
2026-09-01 10:16:20,350 INFO o.a.j.t.JMeterThread: Thread started: Thread Group 1-48
2026-09-01 10:16:20,355 INFO o.a.j.t.JMeterThread: Thread is done: Thread Group 1-48
2026-09-01 10:16:20,355 INFO o.a.j.t.JMeterThread: Thread finished: Thread Group 1-48
2026-09-01 10:16:21,552 INFO o.a.j.t.JMeterThread: Thread started: Thread Group 1-49
2026-09-01 10:16:21,557 INFO o.a.j.t.JMeterThread: Thread is done: Thread Group 1-49
2026-09-01 10:16:21,557 INFO o.a.j.t.JMeterThread: Thread finished: Thread Group 1-49
2026-09-01 10:16:22,751 INFO o.a.j.t.JMeterThread: Thread started: Thread Group 1-50
2026-09-01 10:16:22,755 INFO o.a.j.t.JMeterThread: Thread is done: Thread Group 1-50
2026-09-01 10:16:22,755 INFO o.a.j.t.JMeterThread: Thread finished: Thread Group 1-50
2026-09-01 10:16:22,756 INFO o.a.j.e.StandardJMeterEngine: Notifying test listeners of end of test
2026-09-01 10:16:22,756 INFO o.a.j.g.u.JMeterMenuBar: setRunning(false, *local*)
2026-09-01 10:20:13,970 INFO o.a.j.e.StandardJMeterEngine: Running the test!
2026-09-01 10:20:13,971 INFO o.a.j.s.SampleEvent: List of sample_variables: []
2026-09-01 10:20:13,984 INFO o.a.j.g.u.JMeterMenuBar: setRunning(true, *local*)
2026-09-01 10:20:14,052 INFO o.a.j.e.StandardJMeterEngine: Starting ThreadGroup: 1 : Thread Group
2026-09-01 10:20:14,052 INFO o.a.j.e.StandardJMeterEngine: Starting 50 threads for group Thread Group.
2026-09-01 10:20:14,052 INFO o.a.j.e.StandardJMeterEngine: Thread will continue on error
2026-09-01 10:20:14,052 INFO o.a.j.t.ThreadGroup: Starting thread group... number=1 threads=50 ramp-up=180 delayedStart=false
2026-09-01 10:20:14,052 INFO o.a.j.t.JMeterThread: Thread started: Thread Group 1-1
2026-09-01 10:20:14,061 INFO o.a.j.t.JMeterThread: Thread is done: Thread Group 1-1
2026-09-01 10:20:14,061 INFO o.a.j.t.JMeterThread: Thread finished: Thread Group 1-1
2026-09-01 10:20:14,068 INFO o.a.j.t.ThreadGroup: Started thread group number 1
2026-09-01 10:20:14,068 INFO o.a.j.e.StandardJMeterEngine: All thread groups have been started
2026-09-01 10:20:17,654 INFO o.a.j.t.JMeterThread: Thread started: Thread Group 1-2
2026-09-01 10:20:17,659 INFO o.a.j.t.JMeterThread: Thread is done: Thread Group 1-2
2026-09-01 10:20:17,659 INFO o.a.j.t.JMeterThread: Thread finished: Thread Group 1-2
2026-09-01 10:20:21,255 INFO o.a.j.t.JMeterThread: Thread started: Thread Group 1-3
2026-09-01 10:20:21,333 INFO o.a.j.t.JMeterThread: Thread is done: Thread Group 1-3
2026-09-01 10:20:21,334 INFO o.a.j.t.JMeterThread: Thread finished: Thread Group 1-3
2026-09-01 10:20:24,853 INFO o.a.j.t.JMeterThread: Thread started: Thread Group 1-4
2026-09-01 10:20:24,858 INFO o.a.j.t.JMeterThread: Thread is done: Thread Group 1-4
2026-09-01 10:20:24,858 INFO o.a.j.t.JMeterThread: Thread finished: Thread Group 1-4
2026-09-01 10:20:28,452 INFO o.a.j.t.JMeterThread: Thread started: Thread Group 1-5
2026-09-01 10:20:28,468 INFO o.a.j.t.JMeterThread: Thread is done: Thread Group 1-5
2026-09-01 10:20:28,468 INFO o.a.j.t.JMeterThread: Thread finished: Thread Group 1-5
2026-09-01 10:20:32,053 INFO o.a.j.t.JMeterThread: Thread started: Thread Group 1-6
2026-09-01 10:20:32,058 INFO o.a.j.t.JMeterThread: Thread is done: Thread Group 1-6
2026-09-01 10:20:32,058 INFO o.a.j.t.JMeterThread: Thread finished: Thread Group 1-6
2026-09-01 10:20:35,652 INFO o.a.j.t.JMeterThread: Thread started: Thread Group 1-7
2026-09-01 10:20:35,676 INFO o.a.j.t.JMeterThread: Thread is done: Thread Group 1-7
2026-09-01 10:20:35,676 INFO o.a.j.t.JMeterThread: Thread finished: Thread Group 1-7
2026-09-01 10:20:39,253 INFO o.a.j.t.JMeterThread: Thread started: Thread Group 1-8
2026-09-01 10:20:39,275 INFO o.a.j.t.JMeterThread: Thread is done: Thread Group 1-8
2026-09-01 10:20:39,275 INFO o.a.j.t.JMeterThread: Thread finished: Thread Group 1-8
2026-09-01 10:20:42,853 INFO o.a.j.t.JMeterThread: Thread started: Thread Group 1-9
2026-09-01 10:20:42,858 INFO o.a.j.t.JMeterThread: Thread is done: Thread Group 1-9
2026-09-01 10:20:42,858 INFO o.a.j.t.JMeterThread: Thread finished: Thread Group 1-9
2026-09-01 10:20:46,454 INFO o.a.j.t.JMeterThread: Thread started: Thread Group 1-10
2026-09-01 10:20:46,458 INFO o.a.j.t.JMeterThread: Thread is done: Thread Group 1-10
2026-09-01 10:20:46,458 INFO o.a.j.t.JMeterThread: Thread finished: Thread Group 1-10
2026-09-01 10:20:50,052 INFO o.a.j.t.JMeterThread: Thread started: Thread Group 1-11
2026-09-01 10:20:50,058 INFO o.a.j.t.JMeterThread: Thread is done: Thread Group 1-11
2026-09-01 10:20:50,058 INFO o.a.j.t.JMeterThread: Thread finished: Thread Group 1-11
2026-09-01 10:20:53,653 INFO o.a.j.t.JMeterThread: Thread started: Thread Group 1-12
2026-09-01 10:20:53,679 INFO o.a.j.t.JMeterThread: Thread is done: Thread Group 1-12
2026-09-01 10:20:53,679 INFO o.a.j.t.JMeterThread: Thread finished: Thread Group 1-12
2026-09-01 10:20:57,254 INFO o.a.j.t.JMeterThread: Thread started: Thread Group 1-13
2026-09-01 10:20:57,261 INFO o.a.j.t.JMeterThread: Thread is done: Thread Group 1-13
2026-09-01 10:20:57,261 INFO o.a.j.t.JMeterThread: Thread finished: Thread Group 1-13
2026-09-01 10:21:00,853 INFO o.a.j.t.JMeterThread: Thread started: Thread Group 1-14
2026-09-01 10:21:00,868 INFO o.a.j.t.JMeterThread: Thread is done: Thread Group 1-14
2026-09-01 10:21:00,868 INFO o.a.j.t.JMeterThread: Thread finished: Thread Group 1-14
2026-09-01 10:21:04,453 INFO o.a.j.t.JMeterThread: Thread started: Thread Group 1-15
2026-09-01 10:21:04,477 INFO o.a.j.t.JMeterThread: Thread is done: Thread Group 1-15
2026-09-01 10:21:04,477 INFO o.a.j.t.JMeterThread: Thread finished: Thread Group 1-15
2026-09-01 10:21:08,053 INFO o.a.j.t.JMeterThread: Thread started: Thread Group 1-16
2026-09-01 10:21:08,068 INFO o.a.j.t.JMeterThread: Thread is done: Thread Group 1-16
2026-09-01 10:21:08,069 INFO o.a.j.t.JMeterThread: Thread finished: Thread Group 1-16
2026-09-01 10:21:11,653 INFO o.a.j.t.JMeterThread: Thread started: Thread Group 1-17
2026-09-01 10:21:11,658 INFO o.a.j.t.JMeterThread: Thread is done: Thread Group 1-17
2026-09-01 10:21:11,658 INFO o.a.j.t.JMeterThread: Thread finished: Thread Group 1-17
2026-09-01 10:21:15,253 INFO o.a.j.t.JMeterThread: Thread started: Thread Group 1-18
2026-09-01 10:21:15,273 INFO o.a.j.t.JMeterThread: Thread is done: Thread Group 1-18
2026-09-01 10:21:15,273 INFO o.a.j.t.JMeterThread: Thread finished: Thread Group 1-18
2026-09-01 10:21:18,853 INFO o.a.j.t.JMeterThread: Thread started: Thread Group 1-19
2026-09-01 10:21:18,859 INFO o.a.j.t.JMeterThread: Thread is done: Thread Group 1-19
2026-09-01 10:21:18,859 INFO o.a.j.t.JMeterThread: Thread finished: Thread Group 1-19
2026-09-01 10:21:22,453 INFO o.a.j.t.JMeterThread: Thread started: Thread Group 1-20
2026-09-01 10:21:22,464 INFO o.a.j.t.JMeterThread: Thread is done: Thread Group 1-20
2026-09-01 10:21:22,464 INFO o.a.j.t.JMeterThread: Thread finished: Thread Group 1-20
2026-09-01 10:21:26,053 INFO o.a.j.t.JMeterThread: Thread started: Thread Group 1-21
2026-09-01 10:21:26,067 INFO o.a.j.t.JMeterThread: Thread is done: Thread Group 1-21
2026-09-01 10:21:26,067 INFO o.a.j.t.JMeterThread: Thread finished: Thread Group 1-21
2026-09-01 10:21:29,654 INFO o.a.j.t.JMeterThread: Thread started: Thread Group 1-22
2026-09-01 10:21:29,668 INFO o.a.j.t.JMeterThread: Thread is done: Thread Group 1-22
2026-09-01 10:21:29,668 INFO o.a.j.t.JMeterThread: Thread finished: Thread Group 1-22
2026-09-01 10:21:33,252 INFO o.a.j.t.JMeterThread: Thread started: Thread Group 1-23
2026-09-01 10:21:33,257 INFO o.a.j.t.JMeterThread: Thread is done: Thread Group 1-23
2026-09-01 10:21:33,257 INFO o.a.j.t.JMeterThread: Thread finished: Thread Group 1-23
2026-09-01 10:21:36,853 INFO o.a.j.t.JMeterThread: Thread started: Thread Group 1-24
2026-09-01 10:21:36,858 INFO o.a.j.t.JMeterThread: Thread is done: Thread Group 1-24
2026-09-01 10:21:36,858 INFO o.a.j.t.JMeterThread: Thread finished: Thread Group 1-24
2026-09-01 10:21:40,453 INFO o.a.j.t.JMeterThread: Thread started: Thread Group 1-25
2026-09-01 10:21:40,458 INFO o.a.j.t.JMeterThread: Thread is done: Thread Group 1-25
2026-09-01 10:21:40,458 INFO o.a.j.t.JMeterThread: Thread finished: Thread Group 1-25
2026-09-01 10:21:44,052 INFO o.a.j.t.JMeterThread: Thread started: Thread Group 1-26
2026-09-01 10:21:44,075 INFO o.a.j.t.JMeterThread: Thread is done: Thread Group 1-26
2026-09-01 10:21:44,075 INFO o.a.j.t.JMeterThread: Thread finished: Thread Group 1-26
2026-09-01 10:21:47,652 INFO o.a.j.t.JMeterThread: Thread started: Thread Group 1-27
2026-09-01 10:21:47,675 INFO o.a.j.t.JMeterThread: Thread is done: Thread Group 1-27
2026-09-01 10:21:47,675 INFO o.a.j.t.JMeterThread: Thread finished: Thread Group 1-27
2026-09-01 10:21:51,253 INFO o.a.j.t.JMeterThread: Thread started: Thread Group 1-28
2026-09-01 10:21:51,333 INFO o.a.j.t.JMeterThread: Thread is done: Thread Group 1-28
2026-09-01 10:21:51,333 INFO o.a.j.t.JMeterThread: Thread finished: Thread Group 1-28
2026-09-01 10:21:54,853 INFO o.a.j.t.JMeterThread: Thread started: Thread Group 1-29
2026-09-01 10:21:54,864 INFO o.a.j.t.JMeterThread: Thread is done: Thread Group 1-29
2026-09-01 10:21:54,864 INFO o.a.j.t.JMeterThread: Thread finished: Thread Group 1-29
2026-09-01 10:21:58,454 INFO o.a.j.t.JMeterThread: Thread started: Thread Group 1-30
2026-09-01 10:21:58,469 INFO o.a.j.t.JMeterThread: Thread is done: Thread Group 1-30
2026-09-01 10:21:58,469 INFO o.a.j.t.JMeterThread: Thread finished: Thread Group 1-30
2026-09-01 10:22:02,052 INFO o.a.j.t.JMeterThread: Thread started: Thread Group 1-31
2026-09-01 10:22:02,068 INFO o.a.j.t.JMeterThread: Thread is done: Thread Group 1-31
2026-09-01 10:22:02,070 INFO o.a.j.t.JMeterThread: Thread finished: Thread Group 1-31
2026-09-01 10:22:05,653 INFO o.a.j.t.JMeterThread: Thread started: Thread Group 1-32
2026-09-01 10:22:05,658 INFO o.a.j.t.JMeterThread: Thread is done: Thread Group 1-32
2026-09-01 10:22:05,658 INFO o.a.j.t.JMeterThread: Thread finished: Thread Group 1-32
2026-09-01 10:22:09,252 INFO o.a.j.t.JMeterThread: Thread started: Thread Group 1-33
2026-09-01 10:22:09,257 INFO o.a.j.t.JMeterThread: Thread is done: Thread Group 1-33
2026-09-01 10:22:09,257 INFO o.a.j.t.JMeterThread: Thread finished: Thread Group 1-33
2026-09-01 10:22:12,853 INFO o.a.j.t.JMeterThread: Thread started: Thread Group 1-34
2026-09-01 10:22:12,857 INFO o.a.j.t.JMeterThread: Thread is done: Thread Group 1-34
2026-09-01 10:22:12,857 INFO o.a.j.t.JMeterThread: Thread finished: Thread Group 1-34
2026-09-01 10:22:16,453 INFO o.a.j.t.JMeterThread: Thread started: Thread Group 1-35
2026-09-01 10:22:16,468 INFO o.a.j.t.JMeterThread: Thread is done: Thread Group 1-35
2026-09-01 10:22:16,469 INFO o.a.j.t.JMeterThread: Thread finished: Thread Group 1-35
2026-09-01 10:22:20,052 INFO o.a.j.t.JMeterThread: Thread started: Thread Group 1-36
2026-09-01 10:22:20,065 INFO o.a.j.t.JMeterThread: Thread is done: Thread Group 1-36
2026-09-01 10:22:20,065 INFO o.a.j.t.JMeterThread: Thread finished: Thread Group 1-36
2026-09-01 10:22:23,652 INFO o.a.j.t.JMeterThread: Thread started: Thread Group 1-37
2026-09-01 10:22:23,658 INFO o.a.j.t.JMeterThread: Thread is done: Thread Group 1-37
2026-09-01 10:22:23,658 INFO o.a.j.t.JMeterThread: Thread finished: Thread Group 1-37
2026-09-01 10:22:27,252 INFO o.a.j.t.JMeterThread: Thread started: Thread Group 1-38
2026-09-01 10:22:27,257 INFO o.a.j.t.JMeterThread: Thread is done: Thread Group 1-38
2026-09-01 10:22:27,257 INFO o.a.j.t.JMeterThread: Thread finished: Thread Group 1-38
2026-09-01 10:22:30,852 INFO o.a.j.t.JMeterThread: Thread started: Thread Group 1-39
2026-09-01 10:22:30,858 INFO o.a.j.t.JMeterThread: Thread is done: Thread Group 1-39
2026-09-01 10:22:30,858 INFO o.a.j.t.JMeterThread: Thread finished: Thread Group 1-39
2026-09-01 10:22:34,453 INFO o.a.j.t.JMeterThread: Thread started: Thread Group 1-40
2026-09-01 10:22:34,458 INFO o.a.j.t.JMeterThread: Thread is done: Thread Group 1-40
2026-09-01 10:22:34,458 INFO o.a.j.t.JMeterThread: Thread finished: Thread Group 1-40
2026-09-01 10:22:38,053 INFO o.a.j.t.JMeterThread: Thread started: Thread Group 1-41
2026-09-01 10:22:38,059 INFO o.a.j.t.JMeterThread: Thread is done: Thread Group 1-41
2026-09-01 10:22:38,059 INFO o.a.j.t.JMeterThread: Thread finished: Thread Group 1-41
2026-09-01 10:22:41,653 INFO o.a.j.t.JMeterThread: Thread started: Thread Group 1-42
2026-09-01 10:22:41,657 INFO o.a.j.t.JMeterThread: Thread is done: Thread Group 1-42
2026-09-01 10:22:41,657 INFO o.a.j.t.JMeterThread: Thread finished: Thread Group 1-42
2026-09-01 10:22:45,252 INFO o.a.j.t.JMeterThread: Thread started: Thread Group 1-43
2026-09-01 10:22:45,286 INFO o.a.j.t.JMeterThread: Thread is done: Thread Group 1-43
2026-09-01 10:22:45,287 INFO o.a.j.t.JMeterThread: Thread finished: Thread Group 1-43
2026-09-01 10:22:48,852 INFO o.a.j.t.JMeterThread: Thread started: Thread Group 1-44
2026-09-01 10:22:48,863 INFO o.a.j.t.JMeterThread: Thread is done: Thread Group 1-44
2026-09-01 10:22:48,863 INFO o.a.j.t.JMeterThread: Thread finished: Thread Group 1-44
2026-09-01 10:22:52,453 INFO o.a.j.t.JMeterThread: Thread started: Thread Group 1-45
2026-09-01 10:22:52,460 INFO o.a.j.t.JMeterThread: Thread is done: Thread Group 1-45
2026-09-01 10:22:52,460 INFO o.a.j.t.JMeterThread: Thread finished: Thread Group 1-45
2026-09-01 10:22:56,053 INFO o.a.j.t.JMeterThread: Thread started: Thread Group 1-46
2026-09-01 10:22:56,095 INFO o.a.j.t.JMeterThread: Thread is done: Thread Group 1-46
2026-09-01 10:22:56,095 INFO o.a.j.t.JMeterThread: Thread finished: Thread Group 1-46
2026-09-01 10:22:59,652 INFO o.a.j.t.JMeterThread: Thread started: Thread Group 1-47
2026-09-01 10:22:59,657 INFO o.a.j.t.JMeterThread: Thread is done: Thread Group 1-47
2026-09-01 10:22:59,657 INFO o.a.j.t.JMeterThread: Thread finished: Thread Group 1-47
2026-09-01 10:23:03,252 INFO o.a.j.t.JMeterThread: Thread started: Thread Group 1-48
2026-09-01 10:23:03,258 INFO o.a.j.t.JMeterThread: Thread is done: Thread Group 1-48
2026-09-01 10:23:03,259 INFO o.a.j.t.JMeterThread: Thread finished: Thread Group 1-48
2026-09-01 10:23:06,853 INFO o.a.j.t.JMeterThread: Thread started: Thread Group 1-49
2026-09-01 10:23:06,862 INFO o.a.j.t.JMeterThread: Thread is done: Thread Group 1-49
2026-09-01 10:23:06,862 INFO o.a.j.t.JMeterThread: Thread finished: Thread Group 1-49
2026-09-01 10:23:10,452 INFO o.a.j.t.JMeterThread: Thread started: Thread Group 1-50
2026-09-01 10:23:10,459 INFO o.a.j.t.JMeterThread: Thread is done: Thread Group 1-50
2026-09-01 10:23:10,459 INFO o.a.j.t.JMeterThread: Thread finished: Thread Group 1-50
2026-09-01 10:23:10,460 INFO o.a.j.e.StandardJMeterEngine: Notifying test listeners of end of test
2026-09-01 10:23:10,461 INFO o.a.j.g.u.JMeterMenuBar: setRunning(false, *local*)
2026-09-01 10:23:36,484 INFO o.a.j.e.StandardJMeterEngine: Running the test!
2026-09-01 10:23:36,484 INFO o.a.j.s.SampleEvent: List of sample_variables: []
2026-09-01 10:23:36,484 INFO o.a.j.g.u.JMeterMenuBar: setRunning(true, *local*)
2026-09-01 10:23:36,486 INFO o.a.j.e.StandardJMeterEngine: Starting ThreadGroup: 1 : Thread Group
2026-09-01 10:23:36,486 INFO o.a.j.e.StandardJMeterEngine: Starting 100 threads for group Thread Group.
2026-09-01 10:23:36,486 INFO o.a.j.e.StandardJMeterEngine: Thread will continue on error
2026-09-01 10:23:36,486 INFO o.a.j.t.ThreadGroup: Starting thread group... number=1 threads=100 ramp-up=180 delayedStart=false
2026-09-01 10:23:36,495 INFO o.a.j.t.JMeterThread: Thread started: Thread Group 1-1
2026-09-01 10:23:36,512 INFO o.a.j.t.JMeterThread: Thread is done: Thread Group 1-1
2026-09-01 10:23:36,512 INFO o.a.j.t.JMeterThread: Thread finished: Thread Group 1-1
2026-09-01 10:23:36,533 INFO o.a.j.t.ThreadGroup: Started thread group number 1
2026-09-01 10:23:36,534 INFO o.a.j.e.StandardJMeterEngine: All thread groups have been started
2026-09-01 10:23:38,297 INFO o.a.j.t.JMeterThread: Thread started: Thread Group 1-2
2026-09-01 10:23:38,305 INFO o.a.j.t.JMeterThread: Thread is done: Thread Group 1-2
2026-09-01 10:23:38,305 INFO o.a.j.t.JMeterThread: Thread finished: Thread Group 1-2
2026-09-01 10:23:40,094 INFO o.a.j.t.JMeterThread: Thread started: Thread Group 1-3
2026-09-01 10:23:40,101 INFO o.a.j.t.JMeterThread: Thread is done: Thread Group 1-3
2026-09-01 10:23:40,101 INFO o.a.j.t.JMeterThread: Thread finished: Thread Group 1-3
2026-09-01 10:23:41,900 INFO o.a.j.t.JMeterThread: Thread started: Thread Group 1-4
2026-09-01 10:23:41,905 INFO o.a.j.t.JMeterThread: Thread is done: Thread Group 1-4
2026-09-01 10:23:41,905 INFO o.a.j.t.JMeterThread: Thread finished: Thread Group 1-4
2026-09-01 10:23:43,687 INFO o.a.j.t.JMeterThread: Thread started: Thread Group 1-5
2026-09-01 10:23:43,695 INFO o.a.j.t.JMeterThread: Thread is done: Thread Group 1-5
2026-09-01 10:23:43,695 INFO o.a.j.t.JMeterThread: Thread finished: Thread Group 1-5
2026-09-01 10:23:45,487 INFO o.a.j.t.JMeterThread: Thread started: Thread Group 1-6
2026-09-01 10:23:45,492 INFO o.a.j.t.JMeterThread: Thread is done: Thread Group 1-6
2026-09-01 10:23:45,492 INFO o.a.j.t.JMeterThread: Thread finished: Thread Group 1-6
2026-09-01 10:23:47,287 INFO o.a.j.t.JMeterThread: Thread started: Thread Group 1-7
2026-09-01 10:23:47,292 INFO o.a.j.t.JMeterThread: Thread is done: Thread Group 1-7
2026-09-01 10:23:47,293 INFO o.a.j.t.JMeterThread: Thread finished: Thread Group 1-7
2026-09-01 10:23:49,086 INFO o.a.j.t.JMeterThread: Thread started: Thread Group 1-8
2026-09-01 10:23:49,091 INFO o.a.j.t.JMeterThread: Thread is done: Thread Group 1-8
2026-09-01 10:23:49,091 INFO o.a.j.t.JMeterThread: Thread finished: Thread Group 1-8
2026-09-01 10:23:50,886 INFO o.a.j.t.JMeterThread: Thread started: Thread Group 1-9
2026-09-01 10:23:50,891 INFO o.a.j.t.JMeterThread: Thread is done: Thread Group 1-9
2026-09-01 10:23:50,891 INFO o.a.j.t.JMeterThread: Thread finished: Thread Group 1-9
2026-09-01 10:23:52,687 INFO o.a.j.t.JMeterThread: Thread started: Thread Group 1-10
2026-09-01 10:23:52,691 INFO o.a.j.t.JMeterThread: Thread is done: Thread Group 1-10
2026-09-01 10:23:52,692 INFO o.a.j.t.JMeterThread: Thread finished: Thread Group 1-10
2026-09-01 10:23:54,487 INFO o.a.j.t.JMeterThread: Thread started: Thread Group 1-11
2026-09-01 10:23:54,497 INFO o.a.j.t.JMeterThread: Thread is done: Thread Group 1-11
2026-09-01 10:23:54,497 INFO o.a.j.t.JMeterThread: Thread finished: Thread Group 1-11
2026-09-01 10:23:56,287 INFO o.a.j.t.JMeterThread: Thread started: Thread Group 1-12
2026-09-01 10:23:56,333 INFO o.a.j.t.JMeterThread: Thread is done: Thread Group 1-12
2026-09-01 10:23:56,333 INFO o.a.j.t.JMeterThread: Thread finished: Thread Group 1-12
2026-09-01 10:23:58,087 INFO o.a.j.t.JMeterThread: Thread started: Thread Group 1-13
2026-09-01 10:23:58,096 INFO o.a.j.t.JMeterThread: Thread is done: Thread Group 1-13
2026-09-01 10:23:58,096 INFO o.a.j.t.JMeterThread: Thread finished: Thread Group 1-13
2026-09-01 10:23:59,890 INFO o.a.j.t.JMeterThread: Thread started: Thread Group 1-14
2026-09-01 10:23:59,896 INFO o.a.j.t.JMeterThread: Thread is done: Thread Group 1-14
2026-09-01 10:23:59,897 INFO o.a.j.t.JMeterThread: Thread finished: Thread Group 1-14
2026-09-01 10:24:01,688 INFO o.a.j.t.JMeterThread: Thread started: Thread Group 1-15
2026-09-01 10:24:01,694 INFO o.a.j.t.JMeterThread: Thread is done: Thread Group 1-15
2026-09-01 10:24:01,694 INFO o.a.j.t.JMeterThread: Thread finished: Thread Group 1-15
2026-09-01 10:24:03,487 INFO o.a.j.t.JMeterThread: Thread started: Thread Group 1-16
2026-09-01 10:24:03,495 INFO o.a.j.t.JMeterThread: Thread is done: Thread Group 1-16
2026-09-01 10:24:03,496 INFO o.a.j.t.JMeterThread: Thread finished: Thread Group 1-16
2026-09-01 10:24:05,287 INFO o.a.j.t.JMeterThread: Thread started: Thread Group 1-17
2026-09-01 10:24:05,292 INFO o.a.j.t.JMeterThread: Thread is done: Thread Group 1-17
2026-09-01 10:24:05,292 INFO o.a.j.t.JMeterThread: Thread finished: Thread Group 1-17
2026-09-01 10:24:07,087 INFO o.a.j.t.JMeterThread: Thread started: Thread Group 1-18
2026-09-01 10:24:07,093 INFO o.a.j.t.JMeterThread: Thread is done: Thread Group 1-18
2026-09-01 10:24:07,093 INFO o.a.j.t.JMeterThread: Thread finished: Thread Group 1-18
2026-09-01 10:24:08,888 INFO o.a.j.t.JMeterThread: Thread started: Thread Group 1-19
2026-09-01 10:24:08,892 INFO o.a.j.t.JMeterThread: Thread is done: Thread Group 1-19
2026-09-01 10:24:08,892 INFO o.a.j.t.JMeterThread: Thread finished: Thread Group 1-19
2026-09-01 10:24:10,687 INFO o.a.j.t.JMeterThread: Thread started: Thread Group 1-20
2026-09-01 10:24:10,694 INFO o.a.j.t.JMeterThread: Thread is done: Thread Group 1-20
2026-09-01 10:24:10,694 INFO o.a.j.t.JMeterThread: Thread finished: Thread Group 1-20
2026-09-01 10:24:12,487 INFO o.a.j.t.JMeterThread: Thread started: Thread Group 1-21
2026-09-01 10:24:12,492 INFO o.a.j.t.JMeterThread: Thread is done: Thread Group 1-21
2026-09-01 10:24:12,492 INFO o.a.j.t.JMeterThread: Thread finished: Thread Group 1-21
2026-09-01 10:24:14,286 INFO o.a.j.t.JMeterThread: Thread started: Thread Group 1-22
2026-09-01 10:24:14,291 INFO o.a.j.t.JMeterThread: Thread is done: Thread Group 1-22
2026-09-01 10:24:14,291 INFO o.a.j.t.JMeterThread: Thread finished: Thread Group 1-22
2026-09-01 10:24:16,088 INFO o.a.j.t.JMeterThread: Thread started: Thread Group 1-23
2026-09-01 10:24:16,092 INFO o.a.j.t.JMeterThread: Thread is done: Thread Group 1-23
2026-09-01 10:24:16,092 INFO o.a.j.t.JMeterThread: Thread finished: Thread Group 1-23
2026-09-01 10:24:17,887 INFO o.a.j.t.JMeterThread: Thread started: Thread Group 1-24
2026-09-01 10:24:17,892 INFO o.a.j.t.JMeterThread: Thread is done: Thread Group 1-24
2026-09-01 10:24:17,892 INFO o.a.j.t.JMeterThread: Thread finished: Thread Group 1-24
2026-09-01 10:24:19,687 INFO o.a.j.t.JMeterThread: Thread started: Thread Group 1-25
2026-09-01 10:24:19,694 INFO o.a.j.t.JMeterThread: Thread is done: Thread Group 1-25
2026-09-01 10:24:19,694 INFO o.a.j.t.JMeterThread: Thread finished: Thread Group 1-25
2026-09-01 10:24:21,486 INFO o.a.j.t.JMeterThread: Thread started: Thread Group 1-26
2026-09-01 10:24:21,490 INFO o.a.j.t.JMeterThread: Thread is done: Thread Group 1-26
2026-09-01 10:24:21,490 INFO o.a.j.t.JMeterThread: Thread finished: Thread Group 1-26
2026-09-01 10:24:23,287 INFO o.a.j.t.JMeterThread: Thread started: Thread Group 1-27
2026-09-01 10:24:23,291 INFO o.a.j.t.JMeterThread: Thread is done: Thread Group 1-27
2026-09-01 10:24:23,291 INFO o.a.j.t.JMeterThread: Thread finished: Thread Group 1-27
2026-09-01 10:24:25,087 INFO o.a.j.t.JMeterThread: Thread started: Thread Group 1-28
2026-09-01 10:24:25,093 INFO o.a.j.t.JMeterThread: Thread is done: Thread Group 1-28
2026-09-01 10:24:25,093 INFO o.a.j.t.JMeterThread: Thread finished: Thread Group 1-28
2026-09-01 10:24:26,886 INFO o.a.j.t.JMeterThread: Thread started: Thread Group 1-29
2026-09-01 10:24:26,891 INFO o.a.j.t.JMeterThread: Thread is done: Thread Group 1-29
2026-09-01 10:24:26,891 INFO o.a.j.t.JMeterThread: Thread finished: Thread Group 1-29
2026-09-01 10:24:28,687 INFO o.a.j.t.JMeterThread: Thread started: Thread Group 1-30
2026-09-01 10:24:28,692 INFO o.a.j.t.JMeterThread: Thread is done: Thread Group 1-30
2026-09-01 10:24:28,692 INFO o.a.j.t.JMeterThread: Thread finished: Thread Group 1-30
2026-09-01 10:24:30,486 INFO o.a.j.t.JMeterThread: Thread started: Thread Group 1-31
2026-09-01 10:24:30,491 INFO o.a.j.t.JMeterThread: Thread is done: Thread Group 1-31
2026-09-01 10:24:30,491 INFO o.a.j.t.JMeterThread: Thread finished: Thread Group 1-31
2026-09-01 10:24:32,287 INFO o.a.j.t.JMeterThread: Thread started: Thread Group 1-32
2026-09-01 10:24:32,291 INFO o.a.j.t.JMeterThread: Thread is done: Thread Group 1-32
2026-09-01 10:24:32,291 INFO o.a.j.t.JMeterThread: Thread finished: Thread Group 1-32
2026-09-01 10:24:34,089 INFO o.a.j.t.JMeterThread: Thread started: Thread Group 1-33
2026-09-01 10:24:34,094 INFO o.a.j.t.JMeterThread: Thread is done: Thread Group 1-33
2026-09-01 10:24:34,094 INFO o.a.j.t.JMeterThread: Thread finished: Thread Group 1-33
2026-09-01 10:24:35,890 INFO o.a.j.t.JMeterThread: Thread started: Thread Group 1-34
2026-09-01 10:24:35,894 INFO o.a.j.t.JMeterThread: Thread is done: Thread Group 1-34
2026-09-01 10:24:35,894 INFO o.a.j.t.JMeterThread: Thread finished: Thread Group 1-34
2026-09-01 10:24:37,695 INFO o.a.j.t.JMeterThread: Thread started: Thread Group 1-35
2026-09-01 10:24:37,703 INFO o.a.j.t.JMeterThread: Thread is done: Thread Group 1-35
2026-09-01 10:24:37,703 INFO o.a.j.t.JMeterThread: Thread finished: Thread Group 1-35
2026-09-01 10:24:39,491 INFO o.a.j.t.JMeterThread: Thread started: Thread Group 1-36
2026-09-01 10:24:39,497 INFO o.a.j.t.JMeterThread: Thread is done: Thread Group 1-36
2026-09-01 10:24:39,497 INFO o.a.j.t.JMeterThread: Thread finished: Thread Group 1-36
2026-09-01 10:24:41,288 INFO o.a.j.t.JMeterThread: Thread started: Thread Group 1-37
2026-09-01 10:24:41,293 INFO o.a.j.t.JMeterThread: Thread is done: Thread Group 1-37
2026-09-01 10:24:41,294 INFO o.a.j.t.JMeterThread: Thread finished: Thread Group 1-37
2026-09-01 10:24:43,087 INFO o.a.j.t.JMeterThread: Thread started: Thread Group 1-38
2026-09-01 10:24:43,093 INFO o.a.j.t.JMeterThread: Thread is done: Thread Group 1-38
2026-09-01 10:24:43,093 INFO o.a.j.t.JMeterThread: Thread finished: Thread Group 1-38
2026-09-01 10:24:44,887 INFO o.a.j.t.JMeterThread: Thread started: Thread Group 1-39
2026-09-01 10:24:44,891 INFO o.a.j.t.JMeterThread: Thread is done: Thread Group 1-39
2026-09-01 10:24:44,891 INFO o.a.j.t.JMeterThread: Thread finished: Thread Group 1-39
2026-09-01 10:24:46,687 INFO o.a.j.t.JMeterThread: Thread started: Thread Group 1-40
2026-09-01 10:24:46,693 INFO o.a.j.t.JMeterThread: Thread is done: Thread Group 1-40
2026-09-01 10:24:46,693 INFO o.a.j.t.JMeterThread: Thread finished: Thread Group 1-40
2026-09-01 10:24:48,488 INFO o.a.j.t.JMeterThread: Thread started: Thread Group 1-41
2026-09-01 10:24:48,493 INFO o.a.j.t.JMeterThread: Thread is done: Thread Group 1-41
2026-09-01 10:24:48,493 INFO o.a.j.t.JMeterThread: Thread finished: Thread Group 1-41
2026-09-01 10:24:50,288 INFO o.a.j.t.JMeterThread: Thread started: Thread Group 1-42
2026-09-01 10:24:50,294 INFO o.a.j.t.JMeterThread: Thread is done: Thread Group 1-42
2026-09-01 10:24:50,294 INFO o.a.j.t.JMeterThread: Thread finished: Thread Group 1-42
2026-09-01 10:24:52,087 INFO o.a.j.t.JMeterThread: Thread started: Thread Group 1-43
2026-09-01 10:24:52,092 INFO o.a.j.t.JMeterThread: Thread is done: Thread Group 1-43
2026-09-01 10:24:52,092 INFO o.a.j.t.JMeterThread: Thread finished: Thread Group 1-43
2026-09-01 10:24:53,890 INFO o.a.j.t.JMeterThread: Thread started: Thread Group 1-44
2026-09-01 10:24:53,895 INFO o.a.j.t.JMeterThread: Thread is done: Thread Group 1-44
2026-09-01 10:24:53,895 INFO o.a.j.t.JMeterThread: Thread finished: Thread Group 1-44
2026-09-01 10:24:55,690 INFO o.a.j.t.JMeterThread: Thread started: Thread Group 1-45
2026-09-01 10:24:55,694 INFO o.a.j.t.JMeterThread: Thread is done: Thread Group 1-45
2026-09-01 10:24:55,695 INFO o.a.j.t.JMeterThread: Thread finished: Thread Group 1-45
2026-09-01 10:24:57,489 INFO o.a.j.t.JMeterThread: Thread started: Thread Group 1-46
2026-09-01 10:24:57,494 INFO o.a.j.t.JMeterThread: Thread is done: Thread Group 1-46
2026-09-01 10:24:57,494 INFO o.a.j.t.JMeterThread: Thread finished: Thread Group 1-46
2026-09-01 10:24:59,287 INFO o.a.j.t.JMeterThread: Thread started: Thread Group 1-47
2026-09-01 10:24:59,296 INFO o.a.j.t.JMeterThread: Thread is done: Thread Group 1-47
2026-09-01 10:24:59,296 INFO o.a.j.t.JMeterThread: Thread finished: Thread Group 1-47
2026-09-01 10:25:01,088 INFO o.a.j.t.JMeterThread: Thread started: Thread Group 1-48
2026-09-01 10:25:01,095 INFO o.a.j.t.JMeterThread: Thread is done: Thread Group 1-48
2026-09-01 10:25:01,095 INFO o.a.j.t.JMeterThread: Thread finished: Thread Group 1-48
2026-09-01 10:25:02,888 INFO o.a.j.t.JMeterThread: Thread started: Thread Group 1-49
2026-09-01 10:25:02,893 INFO o.a.j.t.JMeterThread: Thread is done: Thread Group 1-49
2026-09-01 10:25:02,893 INFO o.a.j.t.JMeterThread: Thread finished: Thread Group 1-49
2026-09-01 10:25:04,687 INFO o.a.j.t.JMeterThread: Thread started: Thread Group 1-50
2026-09-01 10:25:04,694 INFO o.a.j.t.JMeterThread: Thread is done: Thread Group 1-50
2026-09-01 10:25:04,694 INFO o.a.j.t.JMeterThread: Thread finished: Thread Group 1-50
2026-09-01 10:25:06,491 INFO o.a.j.t.JMeterThread: Thread started: Thread Group 1-51
2026-09-01 10:25:06,533 INFO o.a.j.t.JMeterThread: Thread is done: Thread Group 1-51
2026-09-01 10:25:06,533 INFO o.a.j.t.JMeterThread: Thread finished: Thread Group 1-51
2026-09-01 10:25:08,288 INFO o.a.j.t.JMeterThread: Thread started: Thread Group 1-52
2026-09-01 10:25:08,294 INFO o.a.j.t.JMeterThread: Thread is done: Thread Group 1-52
2026-09-01 10:25:08,294 INFO o.a.j.t.JMeterThread: Thread finished: Thread Group 1-52
2026-09-01 10:25:10,087 INFO o.a.j.t.JMeterThread: Thread started: Thread Group 1-53
2026-09-01 10:25:10,092 INFO o.a.j.t.JMeterThread: Thread is done: Thread Group 1-53
2026-09-01 10:25:10,092 INFO o.a.j.t.JMeterThread: Thread finished: Thread Group 1-53
2026-09-01 10:25:11,893 INFO o.a.j.t.JMeterThread: Thread started: Thread Group 1-54
2026-09-01 10:25:11,903 INFO o.a.j.t.JMeterThread: Thread is done: Thread Group 1-54
2026-09-01 10:25:11,903 INFO o.a.j.t.JMeterThread: Thread finished: Thread Group 1-54
2026-09-01 10:25:13,689 INFO o.a.j.t.JMeterThread: Thread started: Thread Group 1-55
2026-09-01 10:25:13,698 INFO o.a.j.t.JMeterThread: Thread is done: Thread Group 1-55
2026-09-01 10:25:13,699 INFO o.a.j.t.JMeterThread: Thread finished: Thread Group 1-55
2026-09-01 10:25:15,487 INFO o.a.j.t.JMeterThread: Thread started: Thread Group 1-56
2026-09-01 10:25:15,492 INFO o.a.j.t.JMeterThread: Thread is done: Thread Group 1-56
2026-09-01 10:25:15,492 INFO o.a.j.t.JMeterThread: Thread finished: Thread Group 1-56
2026-09-01 10:25:17,286 INFO o.a.j.t.JMeterThread: Thread started: Thread Group 1-57
2026-09-01 10:25:17,292 INFO o.a.j.t.JMeterThread: Thread is done: Thread Group 1-57
2026-09-01 10:25:17,292 INFO o.a.j.t.JMeterThread: Thread finished: Thread Group 1-57
2026-09-01 10:25:19,086 INFO o.a.j.t.JMeterThread: Thread started: Thread Group 1-58
2026-09-01 10:25:19,091 INFO o.a.j.t.JMeterThread: Thread is done: Thread Group 1-58
2026-09-01 10:25:19,091 INFO o.a.j.t.JMeterThread: Thread finished: Thread Group 1-58
2026-09-01 10:25:20,886 INFO o.a.j.t.JMeterThread: Thread started: Thread Group 1-59
2026-09-01 10:25:20,899 INFO o.a.j.t.JMeterThread: Thread is done: Thread Group 1-59
2026-09-01 10:25:20,900 INFO o.a.j.t.JMeterThread: Thread finished: Thread Group 1-59
2026-09-01 10:25:22,686 INFO o.a.j.t.JMeterThread: Thread started: Thread Group 1-60
2026-09-01 10:25:22,691 INFO o.a.j.t.JMeterThread: Thread is done: Thread Group 1-60
2026-09-01 10:25:22,691 INFO o.a.j.t.JMeterThread: Thread finished: Thread Group 1-60
2026-09-01 10:25:24,486 INFO o.a.j.t.JMeterThread: Thread started: Thread Group 1-61
2026-09-01 10:25:24,490 INFO o.a.j.t.JMeterThread: Thread is done: Thread Group 1-61
2026-09-01 10:25:24,490 INFO o.a.j.t.JMeterThread: Thread finished: Thread Group 1-61
2026-09-01 10:25:26,287 INFO o.a.j.t.JMeterThread: Thread started: Thread Group 1-62
2026-09-01 10:25:26,292 INFO o.a.j.t.JMeterThread: Thread is done: Thread Group 1-62
2026-09-01 10:25:26,292 INFO o.a.j.t.JMeterThread: Thread finished: Thread Group 1-62
2026-09-01 10:25:28,087 INFO o.a.j.t.JMeterThread: Thread started: Thread Group 1-63
2026-09-01 10:25:28,094 INFO o.a.j.t.JMeterThread: Thread is done: Thread Group 1-63
2026-09-01 10:25:28,094 INFO o.a.j.t.JMeterThread: Thread finished: Thread Group 1-63
2026-09-01 10:25:29,886 INFO o.a.j.t.JMeterThread: Thread started: Thread Group 1-64
2026-09-01 10:25:29,891 INFO o.a.j.t.JMeterThread: Thread is done: Thread Group 1-64
2026-09-01 10:25:29,891 INFO o.a.j.t.JMeterThread: Thread finished: Thread Group 1-64
2026-09-01 10:25:31,686 INFO o.a.j.t.JMeterThread: Thread started: Thread Group 1-65
2026-09-01 10:25:31,699 INFO o.a.j.t.JMeterThread: Thread is done: Thread Group 1-65
2026-09-01 10:25:31,699 INFO o.a.j.t.JMeterThread: Thread finished: Thread Group 1-65
2026-09-01 10:25:33,486 INFO o.a.j.t.JMeterThread: Thread started: Thread Group 1-66
2026-09-01 10:25:33,497 INFO o.a.j.t.JMeterThread: Thread is done: Thread Group 1-66
2026-09-01 10:25:33,497 INFO o.a.j.t.JMeterThread: Thread finished: Thread Group 1-66
2026-09-01 10:25:35,286 INFO o.a.j.t.JMeterThread: Thread started: Thread Group 1-67
2026-09-01 10:25:35,294 INFO o.a.j.t.JMeterThread: Thread is done: Thread Group 1-67
2026-09-01 10:25:35,294 INFO o.a.j.t.JMeterThread: Thread finished: Thread Group 1-67
2026-09-01 10:25:37,087 INFO o.a.j.t.JMeterThread: Thread started: Thread Group 1-68
2026-09-01 10:25:37,092 INFO o.a.j.t.JMeterThread: Thread is done: Thread Group 1-68
2026-09-01 10:25:37,092 INFO o.a.j.t.JMeterThread: Thread finished: Thread Group 1-68
2026-09-01 10:25:38,887 INFO o.a.j.t.JMeterThread: Thread started: Thread Group 1-69
2026-09-01 10:25:38,893 INFO o.a.j.t.JMeterThread: Thread is done: Thread Group 1-69
2026-09-01 10:25:38,893 INFO o.a.j.t.JMeterThread: Thread finished: Thread Group 1-69
2026-09-01 10:25:40,686 INFO o.a.j.t.JMeterThread: Thread started: Thread Group 1-70
2026-09-01 10:25:40,692 INFO o.a.j.t.JMeterThread: Thread is done: Thread Group 1-70
2026-09-01 10:25:40,692 INFO o.a.j.t.JMeterThread: Thread finished: Thread Group 1-70
2026-09-01 10:25:42,486 INFO o.a.j.t.JMeterThread: Thread started: Thread Group 1-71
2026-09-01 10:25:42,491 INFO o.a.j.t.JMeterThread: Thread is done: Thread Group 1-71
2026-09-01 10:25:42,491 INFO o.a.j.t.JMeterThread: Thread finished: Thread Group 1-71
2026-09-01 10:25:44,286 INFO o.a.j.t.JMeterThread: Thread started: Thread Group 1-72
2026-09-01 10:25:44,295 INFO o.a.j.t.JMeterThread: Thread is done: Thread Group 1-72
2026-09-01 10:25:44,295 INFO o.a.j.t.JMeterThread: Thread finished: Thread Group 1-72
2026-09-01 10:25:46,086 INFO o.a.j.t.JMeterThread: Thread started: Thread Group 1-73
2026-09-01 10:25:46,094 INFO o.a.j.t.JMeterThread: Thread is done: Thread Group 1-73
2026-09-01 10:25:46,094 INFO o.a.j.t.JMeterThread: Thread finished: Thread Group 1-73
2026-09-01 10:25:47,886 INFO o.a.j.t.JMeterThread: Thread started: Thread Group 1-74
2026-09-01 10:25:47,890 INFO o.a.j.t.JMeterThread: Thread is done: Thread Group 1-74
2026-09-01 10:25:47,890 INFO o.a.j.t.JMeterThread: Thread finished: Thread Group 1-74
2026-09-01 10:25:49,687 INFO o.a.j.t.JMeterThread: Thread started: Thread Group 1-75
2026-09-01 10:25:49,693 INFO o.a.j.t.JMeterThread: Thread is done: Thread Group 1-75
2026-09-01 10:25:49,693 INFO o.a.j.t.JMeterThread: Thread finished: Thread Group 1-75
2026-09-01 10:25:51,487 INFO o.a.j.t.JMeterThread: Thread started: Thread Group 1-76
2026-09-01 10:25:51,492 INFO o.a.j.t.JMeterThread: Thread is done: Thread Group 1-76
2026-09-01 10:25:51,492 INFO o.a.j.t.JMeterThread: Thread finished: Thread Group 1-76
2026-09-01 10:25:53,286 INFO o.a.j.t.JMeterThread: Thread started: Thread Group 1-77
2026-09-01 10:25:53,291 INFO o.a.j.t.JMeterThread: Thread is done: Thread Group 1-77
2026-09-01 10:25:53,291 INFO o.a.j.t.JMeterThread: Thread finished: Thread Group 1-77
2026-09-01 10:25:55,086 INFO o.a.j.t.JMeterThread: Thread started: Thread Group 1-78
2026-09-01 10:25:55,090 INFO o.a.j.t.JMeterThread: Thread is done: Thread Group 1-78
2026-09-01 10:25:55,091 INFO o.a.j.t.JMeterThread: Thread finished: Thread Group 1-78
2026-09-01 10:25:56,886 INFO o.a.j.t.JMeterThread: Thread started: Thread Group 1-79
2026-09-01 10:25:56,894 INFO o.a.j.t.JMeterThread: Thread is done: Thread Group 1-79
2026-09-01 10:25:56,894 INFO o.a.j.t.JMeterThread: Thread finished: Thread Group 1-79
2026-09-01 10:25:58,687 INFO o.a.j.t.JMeterThread: Thread started: Thread Group 1-80
2026-09-01 10:25:58,692 INFO o.a.j.t.JMeterThread: Thread is done: Thread Group 1-80
2026-09-01 10:25:58,692 INFO o.a.j.t.JMeterThread: Thread finished: Thread Group 1-80
2026-09-01 10:26:00,487 INFO o.a.j.t.JMeterThread: Thread started: Thread Group 1-81
2026-09-01 10:26:00,492 INFO o.a.j.t.JMeterThread: Thread is done: Thread Group 1-81
2026-09-01 10:26:00,492 INFO o.a.j.t.JMeterThread: Thread finished: Thread Group 1-81
2026-09-01 10:26:02,286 INFO o.a.j.t.JMeterThread: Thread started: Thread Group 1-82
2026-09-01 10:26:02,292 INFO o.a.j.t.JMeterThread: Thread is done: Thread Group 1-82
2026-09-01 10:26:02,292 INFO o.a.j.t.JMeterThread: Thread finished: Thread Group 1-82
2026-09-01 10:26:04,086 INFO o.a.j.t.JMeterThread: Thread started: Thread Group 1-83
2026-09-01 10:26:04,091 INFO o.a.j.t.JMeterThread: Thread is done: Thread Group 1-83
2026-09-01 10:26:04,092 INFO o.a.j.t.JMeterThread: Thread finished: Thread Group 1-83
2026-09-01 10:26:05,886 INFO o.a.j.t.JMeterThread: Thread started: Thread Group 1-84
2026-09-01 10:26:05,890 INFO o.a.j.t.JMeterThread: Thread is done: Thread Group 1-84
2026-09-01 10:26:05,890 INFO o.a.j.t.JMeterThread: Thread finished: Thread Group 1-84
2026-09-01 10:26:07,687 INFO o.a.j.t.JMeterThread: Thread started: Thread Group 1-85
2026-09-01 10:26:07,704 INFO o.a.j.t.JMeterThread: Thread is done: Thread Group 1-85
2026-09-01 10:26:07,704 INFO o.a.j.t.JMeterThread: Thread finished: Thread Group 1-85
2026-09-01 10:26:09,486 INFO o.a.j.t.JMeterThread: Thread started: Thread Group 1-86
2026-09-01 10:26:09,493 INFO o.a.j.t.JMeterThread: Thread is done: Thread Group 1-86
2026-09-01 10:26:09,493 INFO o.a.j.t.JMeterThread: Thread finished: Thread Group 1-86
2026-09-01 10:26:11,286 INFO o.a.j.t.JMeterThread: Thread started: Thread Group 1-87
2026-09-01 10:26:11,292 INFO o.a.j.t.JMeterThread: Thread is done: Thread Group 1-87
2026-09-01 10:26:11,292 INFO o.a.j.t.JMeterThread: Thread finished: Thread Group 1-87
2026-09-01 10:26:13,086 INFO o.a.j.t.JMeterThread: Thread started: Thread Group 1-88
2026-09-01 10:26:13,092 INFO o.a.j.t.JMeterThread: Thread is done: Thread Group 1-88
2026-09-01 10:26:13,092 INFO o.a.j.t.JMeterThread: Thread finished: Thread Group 1-88
2026-09-01 10:26:14,886 INFO o.a.j.t.JMeterThread: Thread started: Thread Group 1-89
2026-09-01 10:26:14,891 INFO o.a.j.t.JMeterThread: Thread is done: Thread Group 1-89
2026-09-01 10:26:14,891 INFO o.a.j.t.JMeterThread: Thread finished: Thread Group 1-89
2026-09-01 10:26:16,686 INFO o.a.j.t.JMeterThread: Thread started: Thread Group 1-90
2026-09-01 10:26:16,691 INFO o.a.j.t.JMeterThread: Thread is done: Thread Group 1-90
2026-09-01 10:26:16,692 INFO o.a.j.t.JMeterThread: Thread finished: Thread Group 1-90
2026-09-01 10:26:18,487 INFO o.a.j.t.JMeterThread: Thread started: Thread Group 1-91
2026-09-01 10:26:18,491 INFO o.a.j.t.JMeterThread: Thread is done: Thread Group 1-91
2026-09-01 10:26:18,491 INFO o.a.j.t.JMeterThread: Thread finished: Thread Group 1-91
2026-09-01 10:26:20,286 INFO o.a.j.t.JMeterThread: Thread started: Thread Group 1-92
2026-09-01 10:26:20,290 INFO o.a.j.t.JMeterThread: Thread is done: Thread Group 1-92
2026-09-01 10:26:20,290 INFO o.a.j.t.JMeterThread: Thread finished: Thread Group 1-92
2026-09-01 10:26:22,088 INFO o.a.j.t.JMeterThread: Thread started: Thread Group 1-93
2026-09-01 10:26:22,100 INFO o.a.j.t.JMeterThread: Thread is done: Thread Group 1-93
2026-09-01 10:26:22,101 INFO o.a.j.t.JMeterThread: Thread finished: Thread Group 1-93
2026-09-01 10:26:23,887 INFO o.a.j.t.JMeterThread: Thread started: Thread Group 1-94
2026-09-01 10:26:23,917 INFO o.a.j.t.JMeterThread: Thread is done: Thread Group 1-94
2026-09-01 10:26:23,917 INFO o.a.j.t.JMeterThread: Thread finished: Thread Group 1-94
2026-09-01 10:26:25,686 INFO o.a.j.t.JMeterThread: Thread started: Thread Group 1-95
2026-09-01 10:26:25,694 INFO o.a.j.t.JMeterThread: Thread is done: Thread Group 1-95
2026-09-01 10:26:25,694 INFO o.a.j.t.JMeterThread: Thread finished: Thread Group 1-95
2026-09-01 10:26:27,487 INFO o.a.j.t.JMeterThread: Thread started: Thread Group 1-96
2026-09-01 10:26:27,510 INFO o.a.j.t.JMeterThread: Thread is done: Thread Group 1-96
2026-09-01 10:26:27,510 INFO o.a.j.t.JMeterThread: Thread finished: Thread Group 1-96
2026-09-01 10:26:29,286 INFO o.a.j.t.JMeterThread: Thread started: Thread Group 1-97
2026-09-01 10:26:29,291 INFO o.a.j.t.JMeterThread: Thread is done: Thread Group 1-97
2026-09-01 10:26:29,291 INFO o.a.j.t.JMeterThread: Thread finished: Thread Group 1-97
2026-09-01 10:26:31,087 INFO o.a.j.t.JMeterThread: Thread started: Thread Group 1-98
2026-09-01 10:26:31,134 INFO o.a.j.t.JMeterThread: Thread is done: Thread Group 1-98
2026-09-01 10:26:31,134 INFO o.a.j.t.JMeterThread: Thread finished: Thread Group 1-98
2026-09-01 10:26:32,886 INFO o.a.j.t.JMeterThread: Thread started: Thread Group 1-99
2026-09-01 10:26:32,906 INFO o.a.j.t.JMeterThread: Thread is done: Thread Group 1-99
2026-09-01 10:26:32,906 INFO o.a.j.t.JMeterThread: Thread finished: Thread Group 1-99
2026-09-01 10:26:34,688 INFO o.a.j.t.JMeterThread: Thread started: Thread Group 1-100
2026-09-01 10:26:34,693 INFO o.a.j.t.JMeterThread: Thread is done: Thread Group 1-100
2026-09-01 10:26:34,693 INFO o.a.j.t.JMeterThread: Thread finished: Thread Group 1-100
2026-09-01 10:26:34,695 INFO o.a.j.e.StandardJMeterEngine: Notifying test listeners of end of test
2026-09-01 10:26:34,695 INFO o.a.j.g.u.JMeterMenuBar: setRunning(false, *local*)
2026-09-01 10:29:10,757 INFO o.a.j.e.StandardJMeterEngine: Running the test!
2026-09-01 10:29:10,757 INFO o.a.j.s.SampleEvent: List of sample_variables: []
2026-09-01 10:29:10,757 INFO o.a.j.g.u.JMeterMenuBar: setRunning(true, *local*)
2026-09-01 10:29:10,843 INFO o.a.j.e.StandardJMeterEngine: Starting ThreadGroup: 1 : Thread Group
2026-09-01 10:29:10,843 INFO o.a.j.e.StandardJMeterEngine: Starting 100 threads for group Thread Group.
2026-09-01 10:29:10,843 INFO o.a.j.e.StandardJMeterEngine: Thread will continue on error
2026-09-01 10:29:10,843 INFO o.a.j.t.ThreadGroup: Starting thread group... number=1 threads=100 ramp-up=180 delayedStart=false
2026-09-01 10:29:10,845 INFO o.a.j.t.JMeterThread: Thread started: Thread Group 1-1
2026-09-01 10:29:10,850 INFO o.a.j.t.JMeterThread: Thread is done: Thread Group 1-1
2026-09-01 10:29:10,851 INFO o.a.j.t.JMeterThread: Thread finished: Thread Group 1-1
2026-09-01 10:29:10,904 INFO o.a.j.t.ThreadGroup: Started thread group number 1
2026-09-01 10:29:10,904 INFO o.a.j.e.StandardJMeterEngine: All thread groups have been started
2026-09-01 10:29:12,650 INFO o.a.j.t.JMeterThread: Thread started: Thread Group 1-2
2026-09-01 10:29:12,655 INFO o.a.j.t.JMeterThread: Thread is done: Thread Group 1-2
2026-09-01 10:29:12,655 INFO o.a.j.t.JMeterThread: Thread finished: Thread Group 1-2
2026-09-01 10:29:14,444 INFO o.a.j.t.JMeterThread: Thread started: Thread Group 1-3
2026-09-01 10:29:14,451 INFO o.a.j.t.JMeterThread: Thread is done: Thread Group 1-3
2026-09-01 10:29:14,451 INFO o.a.j.t.JMeterThread: Thread finished: Thread Group 1-3
2026-09-01 10:29:16,243 INFO o.a.j.t.JMeterThread: Thread started: Thread Group 1-4
2026-09-01 10:29:16,333 INFO o.a.j.t.JMeterThread: Thread is done: Thread Group 1-4
2026-09-01 10:29:16,333 INFO o.a.j.t.JMeterThread: Thread finished: Thread Group 1-4
2026-09-01 10:29:18,043 INFO o.a.j.t.JMeterThread: Thread started: Thread Group 1-5
2026-09-01 10:29:18,049 INFO o.a.j.t.JMeterThread: Thread is done: Thread Group 1-5
2026-09-01 10:29:18,049 INFO o.a.j.t.JMeterThread: Thread finished: Thread Group 1-5
2026-09-01 10:29:19,846 INFO o.a.j.t.JMeterThread: Thread started: Thread Group 1-6
2026-09-01 10:29:19,853 INFO o.a.j.t.JMeterThread: Thread is done: Thread Group 1-6
2026-09-01 10:29:19,853 INFO o.a.j.t.JMeterThread: Thread finished: Thread Group 1-6
2026-09-01 10:29:21,645 INFO o.a.j.t.JMeterThread: Thread started: Thread Group 1-7
2026-09-01 10:29:21,653 INFO o.a.j.t.JMeterThread: Thread is done: Thread Group 1-7
2026-09-01 10:29:21,653 INFO o.a.j.t.JMeterThread: Thread finished: Thread Group 1-7
2026-09-01 10:29:23,445 INFO o.a.j.t.JMeterThread: Thread started: Thread Group 1-8
2026-09-01 10:29:23,453 INFO o.a.j.t.JMeterThread: Thread is done: Thread Group 1-8
2026-09-01 10:29:23,453 INFO o.a.j.t.JMeterThread: Thread finished: Thread Group 1-8
2026-09-01 10:29:25,243 INFO o.a.j.t.JMeterThread: Thread started: Thread Group 1-9
2026-09-01 10:29:25,250 INFO o.a.j.t.JMeterThread: Thread is done: Thread Group 1-9
2026-09-01 10:29:25,251 INFO o.a.j.t.JMeterThread: Thread finished: Thread Group 1-9
2026-09-01 10:29:27,044 INFO o.a.j.t.JMeterThread: Thread started: Thread Group 1-10
2026-09-01 10:29:27,048 INFO o.a.j.t.JMeterThread: Thread is done: Thread Group 1-10
2026-09-01 10:29:27,048 INFO o.a.j.t.JMeterThread: Thread finished: Thread Group 1-10
2026-09-01 10:29:28,844 INFO o.a.j.t.JMeterThread: Thread started: Thread Group 1-11
2026-09-01 10:29:28,856 INFO o.a.j.t.JMeterThread: Thread is done: Thread Group 1-11
2026-09-01 10:29:28,856 INFO o.a.j.t.JMeterThread: Thread finished: Thread Group 1-11
2026-09-01 10:29:30,643 INFO o.a.j.t.JMeterThread: Thread started: Thread Group 1-12
2026-09-01 10:29:30,649 INFO o.a.j.t.JMeterThread: Thread is done: Thread Group 1-12
2026-09-01 10:29:30,649 INFO o.a.j.t.JMeterThread: Thread finished: Thread Group 1-12
2026-09-01 10:29:32,443 INFO o.a.j.t.JMeterThread: Thread started: Thread Group 1-13
2026-09-01 10:29:32,448 INFO o.a.j.t.JMeterThread: Thread is done: Thread Group 1-13
2026-09-01 10:29:32,448 INFO o.a.j.t.JMeterThread: Thread finished: Thread Group 1-13
2026-09-01 10:29:34,244 INFO o.a.j.t.JMeterThread: Thread started: Thread Group 1-14
2026-09-01 10:29:34,250 INFO o.a.j.t.JMeterThread: Thread is done: Thread Group 1-14
2026-09-01 10:29:34,250 INFO o.a.j.t.JMeterThread: Thread finished: Thread Group 1-14
2026-09-01 10:29:36,045 INFO o.a.j.t.JMeterThread: Thread started: Thread Group 1-15
2026-09-01 10:29:36,093 INFO o.a.j.t.JMeterThread: Thread is done: Thread Group 1-15
2026-09-01 10:29:36,093 INFO o.a.j.t.JMeterThread: Thread finished: Thread Group 1-15
2026-09-01 10:29:37,844 INFO o.a.j.t.JMeterThread: Thread started: Thread Group 1-16
2026-09-01 10:29:37,849 INFO o.a.j.t.JMeterThread: Thread is done: Thread Group 1-16
2026-09-01 10:29:37,849 INFO o.a.j.t.JMeterThread: Thread finished: Thread Group 1-16
2026-09-01 10:29:39,643 INFO o.a.j.t.JMeterThread: Thread started: Thread Group 1-17
2026-09-01 10:29:39,647 INFO o.a.j.t.JMeterThread: Thread is done: Thread Group 1-17
2026-09-01 10:29:39,647 INFO o.a.j.t.JMeterThread: Thread finished: Thread Group 1-17
2026-09-01 10:29:41,444 INFO o.a.j.t.JMeterThread: Thread started: Thread Group 1-18
2026-09-01 10:29:41,449 INFO o.a.j.t.JMeterThread: Thread is done: Thread Group 1-18
2026-09-01 10:29:41,449 INFO o.a.j.t.JMeterThread: Thread finished: Thread Group 1-18
2026-09-01 10:29:43,244 INFO o.a.j.t.JMeterThread: Thread started: Thread Group 1-19
2026-09-01 10:29:43,249 INFO o.a.j.t.JMeterThread: Thread is done: Thread Group 1-19
2026-09-01 10:29:43,249 INFO o.a.j.t.JMeterThread: Thread finished: Thread Group 1-19
2026-09-01 10:29:45,044 INFO o.a.j.t.JMeterThread: Thread started: Thread Group 1-20
2026-09-01 10:29:45,049 INFO o.a.j.t.JMeterThread: Thread is done: Thread Group 1-20
2026-09-01 10:29:45,049 INFO o.a.j.t.JMeterThread: Thread finished: Thread Group 1-20
2026-09-01 10:29:46,843 INFO o.a.j.t.JMeterThread: Thread started: Thread Group 1-21
2026-09-01 10:29:46,848 INFO o.a.j.t.JMeterThread: Thread is done: Thread Group 1-21
2026-09-01 10:29:46,848 INFO o.a.j.t.JMeterThread: Thread finished: Thread Group 1-21
2026-09-01 10:29:48,643 INFO o.a.j.t.JMeterThread: Thread started: Thread Group 1-22
2026-09-01 10:29:48,668 INFO o.a.j.t.JMeterThread: Thread is done: Thread Group 1-22
2026-09-01 10:29:48,668 INFO o.a.j.t.JMeterThread: Thread finished: Thread Group 1-22
2026-09-01 10:29:50,444 INFO o.a.j.t.JMeterThread: Thread started: Thread Group 1-23
2026-09-01 10:29:50,448 INFO o.a.j.t.JMeterThread: Thread is done: Thread Group 1-23
2026-09-01 10:29:50,448 INFO o.a.j.t.JMeterThread: Thread finished: Thread Group 1-23
2026-09-01 10:29:52,246 INFO o.a.j.t.JMeterThread: Thread started: Thread Group 1-24
2026-09-01 10:29:52,250 INFO o.a.j.t.JMeterThread: Thread is done: Thread Group 1-24
2026-09-01 10:29:52,250 INFO o.a.j.t.JMeterThread: Thread finished: Thread Group 1-24
2026-09-01 10:29:54,044 INFO o.a.j.t.JMeterThread: Thread started: Thread Group 1-25
2026-09-01 10:29:54,049 INFO o.a.j.t.JMeterThread: Thread is done: Thread Group 1-25
2026-09-01 10:29:54,049 INFO o.a.j.t.JMeterThread: Thread finished: Thread Group 1-25
2026-09-01 10:29:55,846 INFO o.a.j.t.JMeterThread: Thread started: Thread Group 1-26
2026-09-01 10:29:55,851 INFO o.a.j.t.JMeterThread: Thread is done: Thread Group 1-26
2026-09-01 10:29:55,851 INFO o.a.j.t.JMeterThread: Thread finished: Thread Group 1-26
2026-09-01 10:29:57,647 INFO o.a.j.t.JMeterThread: Thread started: Thread Group 1-27
2026-09-01 10:29:57,651 INFO o.a.j.t.JMeterThread: Thread is done: Thread Group 1-27
2026-09-01 10:29:57,651 INFO o.a.j.t.JMeterThread: Thread finished: Thread Group 1-27
2026-09-01 10:29:59,446 INFO o.a.j.t.JMeterThread: Thread started: Thread Group 1-28
2026-09-01 10:29:59,457 INFO o.a.j.t.JMeterThread: Thread is done: Thread Group 1-28
2026-09-01 10:29:59,457 INFO o.a.j.t.JMeterThread: Thread finished: Thread Group 1-28
2026-09-01 10:30:01,245 INFO o.a.j.t.JMeterThread: Thread started: Thread Group 1-29
2026-09-01 10:30:01,263 INFO o.a.j.t.JMeterThread: Thread is done: Thread Group 1-29
2026-09-01 10:30:01,263 INFO o.a.j.t.JMeterThread: Thread finished: Thread Group 1-29
2026-09-01 10:30:03,044 INFO o.a.j.t.JMeterThread: Thread started: Thread Group 1-30
2026-09-01 10:30:03,078 INFO o.a.j.t.JMeterThread: Thread is done: Thread Group 1-30
2026-09-01 10:30:03,078 INFO o.a.j.t.JMeterThread: Thread finished: Thread Group 1-30
2026-09-01 10:30:04,848 INFO o.a.j.t.JMeterThread: Thread started: Thread Group 1-31
2026-09-01 10:30:04,852 INFO o.a.j.t.JMeterThread: Thread is done: Thread Group 1-31
2026-09-01 10:30:04,852 INFO o.a.j.t.JMeterThread: Thread finished: Thread Group 1-31
2026-09-01 10:30:06,648 INFO o.a.j.t.JMeterThread: Thread started: Thread Group 1-32
2026-09-01 10:30:06,665 INFO o.a.j.t.JMeterThread: Thread is done: Thread Group 1-32
2026-09-01 10:30:06,665 INFO o.a.j.t.JMeterThread: Thread finished: Thread Group 1-32
2026-09-01 10:30:08,446 INFO o.a.j.t.JMeterThread: Thread started: Thread Group 1-33
2026-09-01 10:30:08,451 INFO o.a.j.t.JMeterThread: Thread is done: Thread Group 1-33
2026-09-01 10:30:08,451 INFO o.a.j.t.JMeterThread: Thread finished: Thread Group 1-33
2026-09-01 10:30:10,243 INFO o.a.j.t.JMeterThread: Thread started: Thread Group 1-34
2026-09-01 10:30:10,249 INFO o.a.j.t.JMeterThread: Thread is done: Thread Group 1-34
2026-09-01 10:30:10,249 INFO o.a.j.t.JMeterThread: Thread finished: Thread Group 1-34
2026-09-01 10:30:12,044 INFO o.a.j.t.JMeterThread: Thread started: Thread Group 1-35
2026-09-01 10:30:12,048 INFO o.a.j.t.JMeterThread: Thread is done: Thread Group 1-35
2026-09-01 10:30:12,048 INFO o.a.j.t.JMeterThread: Thread finished: Thread Group 1-35
2026-09-01 10:30:13,844 INFO o.a.j.t.JMeterThread: Thread started: Thread Group 1-36
2026-09-01 10:30:13,859 INFO o.a.j.t.JMeterThread: Thread is done: Thread Group 1-36
2026-09-01 10:30:13,860 INFO o.a.j.t.JMeterThread: Thread finished: Thread Group 1-36
2026-09-01 10:30:15,643 INFO o.a.j.t.JMeterThread: Thread started: Thread Group 1-37
2026-09-01 10:30:15,648 INFO o.a.j.t.JMeterThread: Thread is done: Thread Group 1-37
2026-09-01 10:30:15,648 INFO o.a.j.t.JMeterThread: Thread finished: Thread Group 1-37
2026-09-01 10:30:17,443 INFO o.a.j.t.JMeterThread: Thread started: Thread Group 1-38
2026-09-01 10:30:17,448 INFO o.a.j.t.JMeterThread: Thread is done: Thread Group 1-38
2026-09-01 10:30:17,448 INFO o.a.j.t.JMeterThread: Thread finished: Thread Group 1-38
2026-09-01 10:30:19,244 INFO o.a.j.t.JMeterThread: Thread started: Thread Group 1-39
2026-09-01 10:30:19,248 INFO o.a.j.t.JMeterThread: Thread is done: Thread Group 1-39
2026-09-01 10:30:19,249 INFO o.a.j.t.JMeterThread: Thread finished: Thread Group 1-39
2026-09-01 10:30:21,043 INFO o.a.j.t.JMeterThread: Thread started: Thread Group 1-40
2026-09-01 10:30:21,092 INFO o.a.j.t.JMeterThread: Thread is done: Thread Group 1-40
2026-09-01 10:30:21,092 INFO o.a.j.t.JMeterThread: Thread finished: Thread Group 1-40
2026-09-01 10:30:22,844 INFO o.a.j.t.JMeterThread: Thread started: Thread Group 1-41
2026-09-01 10:30:22,848 INFO o.a.j.t.JMeterThread: Thread is done: Thread Group 1-41
2026-09-01 10:30:22,848 INFO o.a.j.t.JMeterThread: Thread finished: Thread Group 1-41
2026-09-01 10:30:24,643 INFO o.a.j.t.JMeterThread: Thread started: Thread Group 1-42
2026-09-01 10:30:24,648 INFO o.a.j.t.JMeterThread: Thread is done: Thread Group 1-42
2026-09-01 10:30:24,648 INFO o.a.j.t.JMeterThread: Thread finished: Thread Group 1-42
2026-09-01 10:30:26,443 INFO o.a.j.t.JMeterThread: Thread started: Thread Group 1-43
2026-09-01 10:30:26,447 INFO o.a.j.t.JMeterThread: Thread is done: Thread Group 1-43
2026-09-01 10:30:26,447 INFO o.a.j.t.JMeterThread: Thread finished: Thread Group 1-43
2026-09-01 10:30:28,244 INFO o.a.j.t.JMeterThread: Thread started: Thread Group 1-44
2026-09-01 10:30:28,250 INFO o.a.j.t.JMeterThread: Thread is done: Thread Group 1-44
2026-09-01 10:30:28,250 INFO o.a.j.t.JMeterThread: Thread finished: Thread Group 1-44
2026-09-01 10:30:30,045 INFO o.a.j.t.JMeterThread: Thread started: Thread Group 1-45
2026-09-01 10:30:30,049 INFO o.a.j.t.JMeterThread: Thread is done: Thread Group 1-45
2026-09-01 10:30:30,049 INFO o.a.j.t.JMeterThread: Thread finished: Thread Group 1-45
2026-09-01 10:30:31,846 INFO o.a.j.t.JMeterThread: Thread started: Thread Group 1-46
2026-09-01 10:30:31,850 INFO o.a.j.t.JMeterThread: Thread is done: Thread Group 1-46
2026-09-01 10:30:31,850 INFO o.a.j.t.JMeterThread: Thread finished: Thread Group 1-46
2026-09-01 10:30:33,644 INFO o.a.j.t.JMeterThread: Thread started: Thread Group 1-47
2026-09-01 10:30:33,659 INFO o.a.j.t.JMeterThread: Thread is done: Thread Group 1-47
2026-09-01 10:30:33,660 INFO o.a.j.t.JMeterThread: Thread finished: Thread Group 1-47
2026-09-01 10:30:35,443 INFO o.a.j.t.JMeterThread: Thread started: Thread Group 1-48
2026-09-01 10:30:35,457 INFO o.a.j.t.JMeterThread: Thread is done: Thread Group 1-48
2026-09-01 10:30:35,458 INFO o.a.j.t.JMeterThread: Thread finished: Thread Group 1-48
2026-09-01 10:30:37,244 INFO o.a.j.t.JMeterThread: Thread started: Thread Group 1-49
2026-09-01 10:30:37,249 INFO o.a.j.t.JMeterThread: Thread is done: Thread Group 1-49
2026-09-01 10:30:37,249 INFO o.a.j.t.JMeterThread: Thread finished: Thread Group 1-49
2026-09-01 10:30:39,044 INFO o.a.j.t.JMeterThread: Thread started: Thread Group 1-50
2026-09-01 10:30:39,050 INFO o.a.j.t.JMeterThread: Thread is done: Thread Group 1-50
2026-09-01 10:30:39,050 INFO o.a.j.t.JMeterThread: Thread finished: Thread Group 1-50
2026-09-01 10:30:40,843 INFO o.a.j.t.JMeterThread: Thread started: Thread Group 1-51
2026-09-01 10:30:40,847 INFO o.a.j.t.JMeterThread: Thread is done: Thread Group 1-51
2026-09-01 10:30:40,847 INFO o.a.j.t.JMeterThread: Thread finished: Thread Group 1-51
2026-09-01 10:30:42,643 INFO o.a.j.t.JMeterThread: Thread started: Thread Group 1-52
2026-09-01 10:30:42,647 INFO o.a.j.t.JMeterThread: Thread is done: Thread Group 1-52
2026-09-01 10:30:42,647 INFO o.a.j.t.JMeterThread: Thread finished: Thread Group 1-52
2026-09-01 10:30:44,444 INFO o.a.j.t.JMeterThread: Thread started: Thread Group 1-53
2026-09-01 10:30:44,451 INFO o.a.j.t.JMeterThread: Thread is done: Thread Group 1-53
2026-09-01 10:30:44,451 INFO o.a.j.t.JMeterThread: Thread finished: Thread Group 1-53
2026-09-01 10:30:46,244 INFO o.a.j.t.JMeterThread: Thread started: Thread Group 1-54
2026-09-01 10:30:46,292 INFO o.a.j.t.JMeterThread: Thread is done: Thread Group 1-54
2026-09-01 10:30:46,293 INFO o.a.j.t.JMeterThread: Thread finished: Thread Group 1-54
2026-09-01 10:30:48,043 INFO o.a.j.t.JMeterThread: Thread started: Thread Group 1-55
2026-09-01 10:30:48,048 INFO o.a.j.t.JMeterThread: Thread is done: Thread Group 1-55
2026-09-01 10:30:48,048 INFO o.a.j.t.JMeterThread: Thread finished: Thread Group 1-55
2026-09-01 10:30:49,845 INFO o.a.j.t.JMeterThread: Thread started: Thread Group 1-56
2026-09-01 10:30:49,863 INFO o.a.j.t.JMeterThread: Thread is done: Thread Group 1-56
2026-09-01 10:30:49,863 INFO o.a.j.t.JMeterThread: Thread finished: Thread Group 1-56
2026-09-01 10:30:51,643 INFO o.a.j.t.JMeterThread: Thread started: Thread Group 1-57
2026-09-01 10:30:51,647 INFO o.a.j.t.JMeterThread: Thread is done: Thread Group 1-57
2026-09-01 10:30:51,647 INFO o.a.j.t.JMeterThread: Thread finished: Thread Group 1-57
2026-09-01 10:30:53,444 INFO o.a.j.t.JMeterThread: Thread started: Thread Group 1-58
2026-09-01 10:30:53,453 INFO o.a.j.t.JMeterThread: Thread is done: Thread Group 1-58
2026-09-01 10:30:53,453 INFO o.a.j.t.JMeterThread: Thread finished: Thread Group 1-58
2026-09-01 10:30:55,244 INFO o.a.j.t.JMeterThread: Thread started: Thread Group 1-59
2026-09-01 10:30:55,252 INFO o.a.j.t.JMeterThread: Thread is done: Thread Group 1-59
2026-09-01 10:30:55,252 INFO o.a.j.t.JMeterThread: Thread finished: Thread Group 1-59
2026-09-01 10:30:57,044 INFO o.a.j.t.JMeterThread: Thread started: Thread Group 1-60
2026-09-01 10:30:57,048 INFO o.a.j.t.JMeterThread: Thread is done: Thread Group 1-60
2026-09-01 10:30:57,048 INFO o.a.j.t.JMeterThread: Thread finished: Thread Group 1-60
2026-09-01 10:30:58,843 INFO o.a.j.t.JMeterThread: Thread started: Thread Group 1-61
2026-09-01 10:30:58,851 INFO o.a.j.t.JMeterThread: Thread is done: Thread Group 1-61
2026-09-01 10:30:58,851 INFO o.a.j.t.JMeterThread: Thread finished: Thread Group 1-61
2026-09-01 10:31:00,643 INFO o.a.j.t.JMeterThread: Thread started: Thread Group 1-62
2026-09-01 10:31:00,652 INFO o.a.j.t.JMeterThread: Thread is done: Thread Group 1-62
2026-09-01 10:31:00,652 INFO o.a.j.t.JMeterThread: Thread finished: Thread Group 1-62
2026-09-01 10:31:02,443 INFO o.a.j.t.JMeterThread: Thread started: Thread Group 1-63
2026-09-01 10:31:02,449 INFO o.a.j.t.JMeterThread: Thread is done: Thread Group 1-63
2026-09-01 10:31:02,449 INFO o.a.j.t.JMeterThread: Thread finished: Thread Group 1-63
2026-09-01 10:31:04,246 INFO o.a.j.t.JMeterThread: Thread started: Thread Group 1-64
2026-09-01 10:31:04,250 INFO o.a.j.t.JMeterThread: Thread is done: Thread Group 1-64
2026-09-01 10:31:04,250 INFO o.a.j.t.JMeterThread: Thread finished: Thread Group 1-64
2026-09-01 10:31:06,044 INFO o.a.j.t.JMeterThread: Thread started: Thread Group 1-65
2026-09-01 10:31:06,133 INFO o.a.j.t.JMeterThread: Thread is done: Thread Group 1-65
2026-09-01 10:31:06,133 INFO o.a.j.t.JMeterThread: Thread finished: Thread Group 1-65
2026-09-01 10:31:07,844 INFO o.a.j.t.JMeterThread: Thread started: Thread Group 1-66
2026-09-01 10:31:07,849 INFO o.a.j.t.JMeterThread: Thread is done: Thread Group 1-66
2026-09-01 10:31:07,849 INFO o.a.j.t.JMeterThread: Thread finished: Thread Group 1-66
2026-09-01 10:31:09,645 INFO o.a.j.t.JMeterThread: Thread started: Thread Group 1-67
2026-09-01 10:31:09,649 INFO o.a.j.t.JMeterThread: Thread is done: Thread Group 1-67
2026-09-01 10:31:09,649 INFO o.a.j.t.JMeterThread: Thread finished: Thread Group 1-67
2026-09-01 10:31:11,443 INFO o.a.j.t.JMeterThread: Thread started: Thread Group 1-68
2026-09-01 10:31:11,448 INFO o.a.j.t.JMeterThread: Thread is done: Thread Group 1-68
2026-09-01 10:31:11,448 INFO o.a.j.t.JMeterThread: Thread finished: Thread Group 1-68
2026-09-01 10:31:13,245 INFO o.a.j.t.JMeterThread: Thread started: Thread Group 1-69
2026-09-01 10:31:13,250 INFO o.a.j.t.JMeterThread: Thread is done: Thread Group 1-69
2026-09-01 10:31:13,250 INFO o.a.j.t.JMeterThread: Thread finished: Thread Group 1-69
2026-09-01 10:31:15,044 INFO o.a.j.t.JMeterThread: Thread started: Thread Group 1-70
2026-09-01 10:31:15,054 INFO o.a.j.t.JMeterThread: Thread is done: Thread Group 1-70
2026-09-01 10:31:15,054 INFO o.a.j.t.JMeterThread: Thread finished: Thread Group 1-70
2026-09-01 10:31:16,844 INFO o.a.j.t.JMeterThread: Thread started: Thread Group 1-71
2026-09-01 10:31:16,849 INFO o.a.j.t.JMeterThread: Thread is done: Thread Group 1-71
2026-09-01 10:31:16,849 INFO o.a.j.t.JMeterThread: Thread finished: Thread Group 1-71
2026-09-01 10:31:18,644 INFO o.a.j.t.JMeterThread: Thread started: Thread Group 1-72
2026-09-01 10:31:18,648 INFO o.a.j.t.JMeterThread: Thread is done: Thread Group 1-72
2026-09-01 10:31:18,648 INFO o.a.j.t.JMeterThread: Thread finished: Thread Group 1-72
2026-09-01 10:31:20,445 INFO o.a.j.t.JMeterThread: Thread started: Thread Group 1-73
2026-09-01 10:31:20,449 INFO o.a.j.t.JMeterThread: Thread is done: Thread Group 1-73
2026-09-01 10:31:20,449 INFO o.a.j.t.JMeterThread: Thread finished: Thread Group 1-73
2026-09-01 10:31:22,244 INFO o.a.j.t.JMeterThread: Thread started: Thread Group 1-74
2026-09-01 10:31:22,251 INFO o.a.j.t.JMeterThread: Thread is done: Thread Group 1-74
2026-09-01 10:31:22,251 INFO o.a.j.t.JMeterThread: Thread finished: Thread Group 1-74
2026-09-01 10:31:24,045 INFO o.a.j.t.JMeterThread: Thread started: Thread Group 1-75
2026-09-01 10:31:24,056 INFO o.a.j.t.JMeterThread: Thread is done: Thread Group 1-75
2026-09-01 10:31:24,056 INFO o.a.j.t.JMeterThread: Thread finished: Thread Group 1-75
2026-09-01 10:31:25,846 INFO o.a.j.t.JMeterThread: Thread started: Thread Group 1-76
2026-09-01 10:31:25,851 INFO o.a.j.t.JMeterThread: Thread is done: Thread Group 1-76
2026-09-01 10:31:25,851 INFO o.a.j.t.JMeterThread: Thread finished: Thread Group 1-76
2026-09-01 10:31:27,645 INFO o.a.j.t.JMeterThread: Thread started: Thread Group 1-77
2026-09-01 10:31:27,650 INFO o.a.j.t.JMeterThread: Thread is done: Thread Group 1-77
2026-09-01 10:31:27,650 INFO o.a.j.t.JMeterThread: Thread finished: Thread Group 1-77
2026-09-01 10:31:29,444 INFO o.a.j.t.JMeterThread: Thread started: Thread Group 1-78
2026-09-01 10:31:29,449 INFO o.a.j.t.JMeterThread: Thread is done: Thread Group 1-78
2026-09-01 10:31:29,449 INFO o.a.j.t.JMeterThread: Thread finished: Thread Group 1-78
2026-09-01 10:31:31,244 INFO o.a.j.t.JMeterThread: Thread started: Thread Group 1-79
2026-09-01 10:31:31,292 INFO o.a.j.t.JMeterThread: Thread is done: Thread Group 1-79
2026-09-01 10:31:31,293 INFO o.a.j.t.JMeterThread: Thread finished: Thread Group 1-79
2026-09-01 10:31:33,043 INFO o.a.j.t.JMeterThread: Thread started: Thread Group 1-80
2026-09-01 10:31:33,048 INFO o.a.j.t.JMeterThread: Thread is done: Thread Group 1-80
2026-09-01 10:31:33,048 INFO o.a.j.t.JMeterThread: Thread finished: Thread Group 1-80
2026-09-01 10:31:34,845 INFO o.a.j.t.JMeterThread: Thread started: Thread Group 1-81
2026-09-01 10:31:34,909 INFO o.a.j.t.JMeterThread: Thread is done: Thread Group 1-81
2026-09-01 10:31:34,909 INFO o.a.j.t.JMeterThread: Thread finished: Thread Group 1-81
2026-09-01 10:31:36,644 INFO o.a.j.t.JMeterThread: Thread started: Thread Group 1-82
2026-09-01 10:31:36,653 INFO o.a.j.t.JMeterThread: Thread is done: Thread Group 1-82
2026-09-01 10:31:36,653 INFO o.a.j.t.JMeterThread: Thread finished: Thread Group 1-82
2026-09-01 10:31:38,443 INFO o.a.j.t.JMeterThread: Thread started: Thread Group 1-83
2026-09-01 10:31:38,454 INFO o.a.j.t.JMeterThread: Thread is done: Thread Group 1-83
2026-09-01 10:31:38,454 INFO o.a.j.t.JMeterThread: Thread finished: Thread Group 1-83
2026-09-01 10:31:40,245 INFO o.a.j.t.JMeterThread: Thread started: Thread Group 1-84
2026-09-01 10:31:40,250 INFO o.a.j.t.JMeterThread: Thread is done: Thread Group 1-84
2026-09-01 10:31:40,251 INFO o.a.j.t.JMeterThread: Thread finished: Thread Group 1-84
2026-09-01 10:31:42,043 INFO o.a.j.t.JMeterThread: Thread started: Thread Group 1-85
2026-09-01 10:31:42,051 INFO o.a.j.t.JMeterThread: Thread is done: Thread Group 1-85
2026-09-01 10:31:42,051 INFO o.a.j.t.JMeterThread: Thread finished: Thread Group 1-85
2026-09-01 10:31:43,843 INFO o.a.j.t.JMeterThread: Thread started: Thread Group 1-86
2026-09-01 10:31:43,848 INFO o.a.j.t.JMeterThread: Thread is done: Thread Group 1-86
2026-09-01 10:31:43,848 INFO o.a.j.t.JMeterThread: Thread finished: Thread Group 1-86
2026-09-01 10:31:45,643 INFO o.a.j.t.JMeterThread: Thread started: Thread Group 1-87
2026-09-01 10:31:45,648 INFO o.a.j.t.JMeterThread: Thread is done: Thread Group 1-87
2026-09-01 10:31:45,648 INFO o.a.j.t.JMeterThread: Thread finished: Thread Group 1-87
2026-09-01 10:31:47,444 INFO o.a.j.t.JMeterThread: Thread started: Thread Group 1-88
2026-09-01 10:31:47,448 INFO o.a.j.t.JMeterThread: Thread is done: Thread Group 1-88
2026-09-01 10:31:47,448 INFO o.a.j.t.JMeterThread: Thread finished: Thread Group 1-88
2026-09-01 10:31:49,244 INFO o.a.j.t.JMeterThread: Thread started: Thread Group 1-89
2026-09-01 10:31:49,248 INFO o.a.j.t.JMeterThread: Thread is done: Thread Group 1-89
2026-09-01 10:31:49,248 INFO o.a.j.t.JMeterThread: Thread finished: Thread Group 1-89
2026-09-01 10:31:51,044 INFO o.a.j.t.JMeterThread: Thread started: Thread Group 1-90
2026-09-01 10:31:51,047 INFO o.a.j.t.JMeterThread: Thread is done: Thread Group 1-90
2026-09-01 10:31:51,047 INFO o.a.j.t.JMeterThread: Thread finished: Thread Group 1-90
2026-09-01 10:31:52,843 INFO o.a.j.t.JMeterThread: Thread started: Thread Group 1-91
2026-09-01 10:31:52,848 INFO o.a.j.t.JMeterThread: Thread is done: Thread Group 1-91
2026-09-01 10:31:52,848 INFO o.a.j.t.JMeterThread: Thread finished: Thread Group 1-91
2026-09-01 10:31:54,643 INFO o.a.j.t.JMeterThread: Thread started: Thread Group 1-92
2026-09-01 10:31:54,647 INFO o.a.j.t.JMeterThread: Thread is done: Thread Group 1-92
2026-09-01 10:31:54,647 INFO o.a.j.t.JMeterThread: Thread finished: Thread Group 1-92
2026-09-01 10:31:56,444 INFO o.a.j.t.JMeterThread: Thread started: Thread Group 1-93
2026-09-01 10:31:56,448 INFO o.a.j.t.JMeterThread: Thread is done: Thread Group 1-93
2026-09-01 10:31:56,448 INFO o.a.j.t.JMeterThread: Thread finished: Thread Group 1-93
2026-09-01 10:31:58,243 INFO o.a.j.t.JMeterThread: Thread started: Thread Group 1-94
2026-09-01 10:31:58,247 INFO o.a.j.t.JMeterThread: Thread is done: Thread Group 1-94
2026-09-01 10:31:58,247 INFO o.a.j.t.JMeterThread: Thread finished: Thread Group 1-94
2026-09-01 10:32:00,044 INFO o.a.j.t.JMeterThread: Thread started: Thread Group 1-95
2026-09-01 10:32:00,059 INFO o.a.j.t.JMeterThread: Thread is done: Thread Group 1-95
2026-09-01 10:32:00,059 INFO o.a.j.t.JMeterThread: Thread finished: Thread Group 1-95
2026-09-01 10:32:01,843 INFO o.a.j.t.JMeterThread: Thread started: Thread Group 1-96
2026-09-01 10:32:01,848 INFO o.a.j.t.JMeterThread: Thread is done: Thread Group 1-96
2026-09-01 10:32:01,848 INFO o.a.j.t.JMeterThread: Thread finished: Thread Group 1-96
2026-09-01 10:32:03,643 INFO o.a.j.t.JMeterThread: Thread started: Thread Group 1-97
2026-09-01 10:32:03,657 INFO o.a.j.t.JMeterThread: Thread is done: Thread Group 1-97
2026-09-01 10:32:03,657 INFO o.a.j.t.JMeterThread: Thread finished: Thread Group 1-97
2026-09-01 10:32:05,443 INFO o.a.j.t.JMeterThread: Thread started: Thread Group 1-98
2026-09-01 10:32:05,448 INFO o.a.j.t.JMeterThread: Thread is done: Thread Group 1-98
2026-09-01 10:32:05,448 INFO o.a.j.t.JMeterThread: Thread finished: Thread Group 1-98
2026-09-01 10:32:07,243 INFO o.a.j.t.JMeterThread: Thread started: Thread Group 1-99
2026-09-01 10:32:07,247 INFO o.a.j.t.JMeterThread: Thread is done: Thread Group 1-99
2026-09-01 10:32:07,247 INFO o.a.j.t.JMeterThread: Thread finished: Thread Group 1-99
2026-09-01 10:32:09,043 INFO o.a.j.t.JMeterThread: Thread started: Thread Group 1-100
2026-09-01 10:32:09,049 INFO o.a.j.t.JMeterThread: Thread is done: Thread Group 1-100
2026-09-01 10:32:09,049 INFO o.a.j.t.JMeterThread: Thread finished: Thread Group 1-100
2026-09-01 10:32:09,049 INFO o.a.j.e.StandardJMeterEngine: Notifying test listeners of end of test
2026-09-01 10:32:09,049 INFO o.a.j.g.u.JMeterMenuBar: setRunning(false, *local*)
2026-09-01 10:37:30,302 INFO o.a.j.e.StandardJMeterEngine: Running the test!
2026-09-01 10:37:30,302 INFO o.a.j.s.SampleEvent: List of sample_variables: []
2026-09-01 10:37:30,302 INFO o.a.j.g.u.JMeterMenuBar: setRunning(true, *local*)
2026-09-01 10:37:30,334 INFO o.a.j.e.StandardJMeterEngine: Starting ThreadGroup: 1 : Thread Group
2026-09-01 10:37:30,334 INFO o.a.j.e.StandardJMeterEngine: Starting 100 threads for group Thread Group.
2026-09-01 10:37:30,334 INFO o.a.j.e.StandardJMeterEngine: Thread will continue on error
2026-09-01 10:37:30,334 INFO o.a.j.t.ThreadGroup: Starting thread group... number=1 threads=100 ramp-up=180 delayedStart=false
2026-09-01 10:37:30,334 INFO o.a.j.t.JMeterThread: Thread started: Thread Group 1-1
2026-09-01 10:37:30,343 INFO o.a.j.t.JMeterThread: Thread is done: Thread Group 1-1
2026-09-01 10:37:30,343 INFO o.a.j.t.JMeterThread: Thread finished: Thread Group 1-1
2026-09-01 10:37:30,392 INFO o.a.j.t.ThreadGroup: Started thread group number 1
2026-09-01 10:37:30,392 INFO o.a.j.e.StandardJMeterEngine: All thread groups have been started
2026-09-01 10:37:32,140 INFO o.a.j.t.JMeterThread: Thread started: Thread Group 1-2
2026-09-01 10:37:32,145 INFO o.a.j.t.JMeterThread: Thread is done: Thread Group 1-2
2026-09-01 10:37:32,145 INFO o.a.j.t.JMeterThread: Thread finished: Thread Group 1-2
2026-09-01 10:37:33,935 INFO o.a.j.t.JMeterThread: Thread started: Thread Group 1-3
2026-09-01 10:37:33,940 INFO o.a.j.t.JMeterThread: Thread is done: Thread Group 1-3
2026-09-01 10:37:33,940 INFO o.a.j.t.JMeterThread: Thread finished: Thread Group 1-3
2026-09-01 10:37:35,736 INFO o.a.j.t.JMeterThread: Thread started: Thread Group 1-4
2026-09-01 10:37:35,746 INFO o.a.j.t.JMeterThread: Thread is done: Thread Group 1-4
2026-09-01 10:37:35,746 INFO o.a.j.t.JMeterThread: Thread finished: Thread Group 1-4
2026-09-01 10:37:37,534 INFO o.a.j.t.JMeterThread: Thread started: Thread Group 1-5
2026-09-01 10:37:37,538 INFO o.a.j.t.JMeterThread: Thread is done: Thread Group 1-5
2026-09-01 10:37:37,538 INFO o.a.j.t.JMeterThread: Thread finished: Thread Group 1-5
2026-09-01 10:37:39,334 INFO o.a.j.t.JMeterThread: Thread started: Thread Group 1-6
2026-09-01 10:37:39,340 INFO o.a.j.t.JMeterThread: Thread is done: Thread Group 1-6
2026-09-01 10:37:39,340 INFO o.a.j.t.JMeterThread: Thread finished: Thread Group 1-6
2026-09-01 10:37:41,134 INFO o.a.j.t.JMeterThread: Thread started: Thread Group 1-7
2026-09-01 10:37:41,139 INFO o.a.j.t.JMeterThread: Thread is done: Thread Group 1-7
2026-09-01 10:37:41,139 INFO o.a.j.t.JMeterThread: Thread finished: Thread Group 1-7
2026-09-01 10:37:42,934 INFO o.a.j.t.JMeterThread: Thread started: Thread Group 1-8
2026-09-01 10:37:42,939 INFO o.a.j.t.JMeterThread: Thread is done: Thread Group 1-8
2026-09-01 10:37:42,939 INFO o.a.j.t.JMeterThread: Thread finished: Thread Group 1-8
2026-09-01 10:37:44,734 INFO o.a.j.t.JMeterThread: Thread started: Thread Group 1-9
2026-09-01 10:37:44,742 INFO o.a.j.t.JMeterThread: Thread is done: Thread Group 1-9
2026-09-01 10:37:44,742 INFO o.a.j.t.JMeterThread: Thread finished: Thread Group 1-9
2026-09-01 10:37:46,535 INFO o.a.j.t.JMeterThread: Thread started: Thread Group 1-10
2026-09-01 10:37:46,539 INFO o.a.j.t.JMeterThread: Thread is done: Thread Group 1-10
2026-09-01 10:37:46,540 INFO o.a.j.t.JMeterThread: Thread finished: Thread Group 1-10
2026-09-01 10:37:48,334 INFO o.a.j.t.JMeterThread: Thread started: Thread Group 1-11
2026-09-01 10:37:48,338 INFO o.a.j.t.JMeterThread: Thread is done: Thread Group 1-11
2026-09-01 10:37:48,338 INFO o.a.j.t.JMeterThread: Thread finished: Thread Group 1-11
2026-09-01 10:37:50,134 INFO o.a.j.t.JMeterThread: Thread started: Thread Group 1-12
2026-09-01 10:37:50,138 INFO o.a.j.t.JMeterThread: Thread is done: Thread Group 1-12
2026-09-01 10:37:50,138 INFO o.a.j.t.JMeterThread: Thread finished: Thread Group 1-12
2026-09-01 10:37:51,934 INFO o.a.j.t.JMeterThread: Thread started: Thread Group 1-13
2026-09-01 10:37:51,939 INFO o.a.j.t.JMeterThread: Thread is done: Thread Group 1-13
2026-09-01 10:37:51,939 INFO o.a.j.t.JMeterThread: Thread finished: Thread Group 1-13
2026-09-01 10:37:53,735 INFO o.a.j.t.JMeterThread: Thread started: Thread Group 1-14
2026-09-01 10:37:53,740 INFO o.a.j.t.JMeterThread: Thread is done: Thread Group 1-14
2026-09-01 10:37:53,740 INFO o.a.j.t.JMeterThread: Thread finished: Thread Group 1-14
2026-09-01 10:37:55,535 INFO o.a.j.t.JMeterThread: Thread started: Thread Group 1-15
2026-09-01 10:37:55,540 INFO o.a.j.t.JMeterThread: Thread is done: Thread Group 1-15
2026-09-01 10:37:55,540 INFO o.a.j.t.JMeterThread: Thread finished: Thread Group 1-15
2026-09-01 10:37:57,334 INFO o.a.j.t.JMeterThread: Thread started: Thread Group 1-16
2026-09-01 10:37:57,338 INFO o.a.j.t.JMeterThread: Thread is done: Thread Group 1-16
2026-09-01 10:37:57,338 INFO o.a.j.t.JMeterThread: Thread finished: Thread Group 1-16
2026-09-01 10:37:59,136 INFO o.a.j.t.JMeterThread: Thread started: Thread Group 1-17
2026-09-01 10:37:59,144 INFO o.a.j.t.JMeterThread: Thread is done: Thread Group 1-17
2026-09-01 10:37:59,144 INFO o.a.j.t.JMeterThread: Thread finished: Thread Group 1-17
2026-09-01 10:38:00,936 INFO o.a.j.t.JMeterThread: Thread started: Thread Group 1-18
2026-09-01 10:38:00,941 INFO o.a.j.t.JMeterThread: Thread is done: Thread Group 1-18
2026-09-01 10:38:00,941 INFO o.a.j.t.JMeterThread: Thread finished: Thread Group 1-18
2026-09-01 10:38:02,735 INFO o.a.j.t.JMeterThread: Thread started: Thread Group 1-19
2026-09-01 10:38:02,739 INFO o.a.j.t.JMeterThread: Thread is done: Thread Group 1-19
2026-09-01 10:38:02,739 INFO o.a.j.t.JMeterThread: Thread finished: Thread Group 1-19
2026-09-01 10:38:04,535 INFO o.a.j.t.JMeterThread: Thread started: Thread Group 1-20
2026-09-01 10:38:04,540 INFO o.a.j.t.JMeterThread: Thread is done: Thread Group 1-20
2026-09-01 10:38:04,540 INFO o.a.j.t.JMeterThread: Thread finished: Thread Group 1-20
2026-09-01 10:38:06,334 INFO o.a.j.t.JMeterThread: Thread started: Thread Group 1-21
2026-09-01 10:38:06,339 INFO o.a.j.t.JMeterThread: Thread is done: Thread Group 1-21
2026-09-01 10:38:06,339 INFO o.a.j.t.JMeterThread: Thread finished: Thread Group 1-21
2026-09-01 10:38:08,137 INFO o.a.j.t.JMeterThread: Thread started: Thread Group 1-22
2026-09-01 10:38:08,142 INFO o.a.j.t.JMeterThread: Thread is done: Thread Group 1-22
2026-09-01 10:38:08,142 INFO o.a.j.t.JMeterThread: Thread finished: Thread Group 1-22
2026-09-01 10:38:09,936 INFO o.a.j.t.JMeterThread: Thread started: Thread Group 1-23
2026-09-01 10:38:09,939 INFO o.a.j.t.JMeterThread: Thread is done: Thread Group 1-23
2026-09-01 10:38:09,940 INFO o.a.j.t.JMeterThread: Thread finished: Thread Group 1-23
2026-09-01 10:38:11,734 INFO o.a.j.t.JMeterThread: Thread started: Thread Group 1-24
2026-09-01 10:38:11,738 INFO o.a.j.t.JMeterThread: Thread is done: Thread Group 1-24
2026-09-01 10:38:11,739 INFO o.a.j.t.JMeterThread: Thread finished: Thread Group 1-24
2026-09-01 10:38:13,535 INFO o.a.j.t.JMeterThread: Thread started: Thread Group 1-25
2026-09-01 10:38:13,538 INFO o.a.j.t.JMeterThread: Thread is done: Thread Group 1-25
2026-09-01 10:38:13,539 INFO o.a.j.t.JMeterThread: Thread finished: Thread Group 1-25
2026-09-01 10:38:15,335 INFO o.a.j.t.JMeterThread: Thread started: Thread Group 1-26
2026-09-01 10:38:15,339 INFO o.a.j.t.JMeterThread: Thread is done: Thread Group 1-26
2026-09-01 10:38:15,339 INFO o.a.j.t.JMeterThread: Thread finished: Thread Group 1-26
2026-09-01 10:38:17,135 INFO o.a.j.t.JMeterThread: Thread started: Thread Group 1-27
2026-09-01 10:38:17,140 INFO o.a.j.t.JMeterThread: Thread is done: Thread Group 1-27
2026-09-01 10:38:17,140 INFO o.a.j.t.JMeterThread: Thread finished: Thread Group 1-27
2026-09-01 10:38:18,935 INFO o.a.j.t.JMeterThread: Thread started: Thread Group 1-28
2026-09-01 10:38:18,939 INFO o.a.j.t.JMeterThread: Thread is done: Thread Group 1-28
2026-09-01 10:38:18,939 INFO o.a.j.t.JMeterThread: Thread finished: Thread Group 1-28
2026-09-01 10:38:20,735 INFO o.a.j.t.JMeterThread: Thread started: Thread Group 1-29
2026-09-01 10:38:20,740 INFO o.a.j.t.JMeterThread: Thread is done: Thread Group 1-29
2026-09-01 10:38:20,740 INFO o.a.j.t.JMeterThread: Thread finished: Thread Group 1-29
2026-09-01 10:38:22,537 INFO o.a.j.t.JMeterThread: Thread started: Thread Group 1-30
2026-09-01 10:38:22,542 INFO o.a.j.t.JMeterThread: Thread is done: Thread Group 1-30
2026-09-01 10:38:22,542 INFO o.a.j.t.JMeterThread: Thread finished: Thread Group 1-30
2026-09-01 10:38:24,334 INFO o.a.j.t.JMeterThread: Thread started: Thread Group 1-31
2026-09-01 10:38:24,338 INFO o.a.j.t.JMeterThread: Thread is done: Thread Group 1-31
2026-09-01 10:38:24,338 INFO o.a.j.t.JMeterThread: Thread finished: Thread Group 1-31
2026-09-01 10:38:26,134 INFO o.a.j.t.JMeterThread: Thread started: Thread Group 1-32
2026-09-01 10:38:26,233 INFO o.a.j.t.JMeterThread: Thread is done: Thread Group 1-32
2026-09-01 10:38:26,233 INFO o.a.j.t.JMeterThread: Thread finished: Thread Group 1-32
2026-09-01 10:38:27,934 INFO o.a.j.t.JMeterThread: Thread started: Thread Group 1-33
2026-09-01 10:38:27,941 INFO o.a.j.t.JMeterThread: Thread is done: Thread Group 1-33
2026-09-01 10:38:27,941 INFO o.a.j.t.JMeterThread: Thread finished: Thread Group 1-33
2026-09-01 10:38:29,734 INFO o.a.j.t.JMeterThread: Thread started: Thread Group 1-34
2026-09-01 10:38:29,747 INFO o.a.j.t.JMeterThread: Thread is done: Thread Group 1-34
2026-09-01 10:38:29,747 INFO o.a.j.t.JMeterThread: Thread finished: Thread Group 1-34
2026-09-01 10:38:31,535 INFO o.a.j.t.JMeterThread: Thread started: Thread Group 1-35
2026-09-01 10:38:31,539 INFO o.a.j.t.JMeterThread: Thread is done: Thread Group 1-35
2026-09-01 10:38:31,539 INFO o.a.j.t.JMeterThread: Thread finished: Thread Group 1-35
2026-09-01 10:38:33,335 INFO o.a.j.t.JMeterThread: Thread started: Thread Group 1-36
2026-09-01 10:38:33,339 INFO o.a.j.t.JMeterThread: Thread is done: Thread Group 1-36
2026-09-01 10:38:33,340 INFO o.a.j.t.JMeterThread: Thread finished: Thread Group 1-36
2026-09-01 10:38:35,134 INFO o.a.j.t.JMeterThread: Thread started: Thread Group 1-37
2026-09-01 10:38:35,152 INFO o.a.j.t.JMeterThread: Thread is done: Thread Group 1-37
2026-09-01 10:38:35,152 INFO o.a.j.t.JMeterThread: Thread finished: Thread Group 1-37
2026-09-01 10:38:36,934 INFO o.a.j.t.JMeterThread: Thread started: Thread Group 1-38
2026-09-01 10:38:36,939 INFO o.a.j.t.JMeterThread: Thread is done: Thread Group 1-38
2026-09-01 10:38:36,939 INFO o.a.j.t.JMeterThread: Thread finished: Thread Group 1-38
2026-09-01 10:38:38,734 INFO o.a.j.t.JMeterThread: Thread started: Thread Group 1-39
2026-09-01 10:38:38,740 INFO o.a.j.t.JMeterThread: Thread is done: Thread Group 1-39
2026-09-01 10:38:38,740 INFO o.a.j.t.JMeterThread: Thread finished: Thread Group 1-39
2026-09-01 10:38:40,535 INFO o.a.j.t.JMeterThread: Thread started: Thread Group 1-40
2026-09-01 10:38:40,541 INFO o.a.j.t.JMeterThread: Thread is done: Thread Group 1-40
2026-09-01 10:38:40,541 INFO o.a.j.t.JMeterThread: Thread finished: Thread Group 1-40
2026-09-01 10:38:42,335 INFO o.a.j.t.JMeterThread: Thread started: Thread Group 1-41
2026-09-01 10:38:42,346 INFO o.a.j.t.JMeterThread: Thread is done: Thread Group 1-41
2026-09-01 10:38:42,346 INFO o.a.j.t.JMeterThread: Thread finished: Thread Group 1-41
2026-09-01 10:38:44,134 INFO o.a.j.t.JMeterThread: Thread started: Thread Group 1-42
2026-09-01 10:38:44,138 INFO o.a.j.t.JMeterThread: Thread is done: Thread Group 1-42
2026-09-01 10:38:44,138 INFO o.a.j.t.JMeterThread: Thread finished: Thread Group 1-42
2026-09-01 10:38:45,934 INFO o.a.j.t.JMeterThread: Thread started: Thread Group 1-43
2026-09-01 10:38:45,939 INFO o.a.j.t.JMeterThread: Thread is done: Thread Group 1-43
2026-09-01 10:38:45,939 INFO o.a.j.t.JMeterThread: Thread finished: Thread Group 1-43
2026-09-01 10:38:47,737 INFO o.a.j.t.JMeterThread: Thread started: Thread Group 1-44
2026-09-01 10:38:47,741 INFO o.a.j.t.JMeterThread: Thread is done: Thread Group 1-44
2026-09-01 10:38:47,741 INFO o.a.j.t.JMeterThread: Thread finished: Thread Group 1-44
2026-09-01 10:38:49,535 INFO o.a.j.t.JMeterThread: Thread started: Thread Group 1-45
2026-09-01 10:38:49,540 INFO o.a.j.t.JMeterThread: Thread is done: Thread Group 1-45
2026-09-01 10:38:49,540 INFO o.a.j.t.JMeterThread: Thread finished: Thread Group 1-45
2026-09-01 10:38:51,335 INFO o.a.j.t.JMeterThread: Thread started: Thread Group 1-46
2026-09-01 10:38:51,341 INFO o.a.j.t.JMeterThread: Thread is done: Thread Group 1-46
2026-09-01 10:38:51,341 INFO o.a.j.t.JMeterThread: Thread finished: Thread Group 1-46
2026-09-01 10:38:53,135 INFO o.a.j.t.JMeterThread: Thread started: Thread Group 1-47
2026-09-01 10:38:53,141 INFO o.a.j.t.JMeterThread: Thread is done: Thread Group 1-47
2026-09-01 10:38:53,141 INFO o.a.j.t.JMeterThread: Thread finished: Thread Group 1-47
2026-09-01 10:38:54,935 INFO o.a.j.t.JMeterThread: Thread started: Thread Group 1-48
2026-09-01 10:38:54,940 INFO o.a.j.t.JMeterThread: Thread is done: Thread Group 1-48
2026-09-01 10:38:54,940 INFO o.a.j.t.JMeterThread: Thread finished: Thread Group 1-48
2026-09-01 10:38:56,735 INFO o.a.j.t.JMeterThread: Thread started: Thread Group 1-49
2026-09-01 10:38:56,746 INFO o.a.j.t.JMeterThread: Thread is done: Thread Group 1-49
2026-09-01 10:38:56,746 INFO o.a.j.t.JMeterThread: Thread finished: Thread Group 1-49
2026-09-01 10:38:58,534 INFO o.a.j.t.JMeterThread: Thread started: Thread Group 1-50
2026-09-01 10:38:58,539 INFO o.a.j.t.JMeterThread: Thread is done: Thread Group 1-50
2026-09-01 10:38:58,539 INFO o.a.j.t.JMeterThread: Thread finished: Thread Group 1-50
2026-09-01 10:39:00,335 INFO o.a.j.t.JMeterThread: Thread started: Thread Group 1-51
2026-09-01 10:39:00,339 INFO o.a.j.t.JMeterThread: Thread is done: Thread Group 1-51
2026-09-01 10:39:00,339 INFO o.a.j.t.JMeterThread: Thread finished: Thread Group 1-51
2026-09-01 10:39:02,135 INFO o.a.j.t.JMeterThread: Thread started: Thread Group 1-52
2026-09-01 10:39:02,141 INFO o.a.j.t.JMeterThread: Thread is done: Thread Group 1-52
2026-09-01 10:39:02,141 INFO o.a.j.t.JMeterThread: Thread finished: Thread Group 1-52
2026-09-01 10:39:03,935 INFO o.a.j.t.JMeterThread: Thread started: Thread Group 1-53
2026-09-01 10:39:03,939 INFO o.a.j.t.JMeterThread: Thread is done: Thread Group 1-53
2026-09-01 10:39:03,939 INFO o.a.j.t.JMeterThread: Thread finished: Thread Group 1-53
2026-09-01 10:39:05,734 INFO o.a.j.t.JMeterThread: Thread started: Thread Group 1-54
2026-09-01 10:39:05,740 INFO o.a.j.t.JMeterThread: Thread is done: Thread Group 1-54
2026-09-01 10:39:05,740 INFO o.a.j.t.JMeterThread: Thread finished: Thread Group 1-54
2026-09-01 10:39:07,534 INFO o.a.j.t.JMeterThread: Thread started: Thread Group 1-55
2026-09-01 10:39:07,539 INFO o.a.j.t.JMeterThread: Thread is done: Thread Group 1-55
2026-09-01 10:39:07,539 INFO o.a.j.t.JMeterThread: Thread finished: Thread Group 1-55
2026-09-01 10:39:09,334 INFO o.a.j.t.JMeterThread: Thread started: Thread Group 1-56
2026-09-01 10:39:09,341 INFO o.a.j.t.JMeterThread: Thread is done: Thread Group 1-56
2026-09-01 10:39:09,341 INFO o.a.j.t.JMeterThread: Thread finished: Thread Group 1-56
2026-09-01 10:39:11,134 INFO o.a.j.t.JMeterThread: Thread started: Thread Group 1-57
2026-09-01 10:39:11,197 INFO o.a.j.t.JMeterThread: Thread is done: Thread Group 1-57
2026-09-01 10:39:11,197 INFO o.a.j.t.JMeterThread: Thread finished: Thread Group 1-57
2026-09-01 10:39:12,935 INFO o.a.j.t.JMeterThread: Thread started: Thread Group 1-58
2026-09-01 10:39:12,940 INFO o.a.j.t.JMeterThread: Thread is done: Thread Group 1-58
2026-09-01 10:39:12,940 INFO o.a.j.t.JMeterThread: Thread finished: Thread Group 1-58
2026-09-01 10:39:14,734 INFO o.a.j.t.JMeterThread: Thread started: Thread Group 1-59
2026-09-01 10:39:14,739 INFO o.a.j.t.JMeterThread: Thread is done: Thread Group 1-59
2026-09-01 10:39:14,739 INFO o.a.j.t.JMeterThread: Thread finished: Thread Group 1-59
2026-09-01 10:39:16,534 INFO o.a.j.t.JMeterThread: Thread started: Thread Group 1-60
2026-09-01 10:39:16,539 INFO o.a.j.t.JMeterThread: Thread is done: Thread Group 1-60
2026-09-01 10:39:16,539 INFO o.a.j.t.JMeterThread: Thread finished: Thread Group 1-60
2026-09-01 10:39:18,334 INFO o.a.j.t.JMeterThread: Thread started: Thread Group 1-61
2026-09-01 10:39:18,339 INFO o.a.j.t.JMeterThread: Thread is done: Thread Group 1-61
2026-09-01 10:39:18,339 INFO o.a.j.t.JMeterThread: Thread finished: Thread Group 1-61
2026-09-01 10:39:20,134 INFO o.a.j.t.JMeterThread: Thread started: Thread Group 1-62
2026-09-01 10:39:20,141 INFO o.a.j.t.JMeterThread: Thread is done: Thread Group 1-62
2026-09-01 10:39:20,141 INFO o.a.j.t.JMeterThread: Thread finished: Thread Group 1-62
2026-09-01 10:39:21,934 INFO o.a.j.t.JMeterThread: Thread started: Thread Group 1-63
2026-09-01 10:39:21,939 INFO o.a.j.t.JMeterThread: Thread is done: Thread Group 1-63
2026-09-01 10:39:21,939 INFO o.a.j.t.JMeterThread: Thread finished: Thread Group 1-63
2026-09-01 10:39:23,735 INFO o.a.j.t.JMeterThread: Thread started: Thread Group 1-64
2026-09-01 10:39:23,746 INFO o.a.j.t.JMeterThread: Thread is done: Thread Group 1-64
2026-09-01 10:39:23,746 INFO o.a.j.t.JMeterThread: Thread finished: Thread Group 1-64
2026-09-01 10:39:25,535 INFO o.a.j.t.JMeterThread: Thread started: Thread Group 1-65
2026-09-01 10:39:25,547 INFO o.a.j.t.JMeterThread: Thread is done: Thread Group 1-65
2026-09-01 10:39:25,547 INFO o.a.j.t.JMeterThread: Thread finished: Thread Group 1-65
2026-09-01 10:39:27,334 INFO o.a.j.t.JMeterThread: Thread started: Thread Group 1-66
2026-09-01 10:39:27,338 INFO o.a.j.t.JMeterThread: Thread is done: Thread Group 1-66
2026-09-01 10:39:27,338 INFO o.a.j.t.JMeterThread: Thread finished: Thread Group 1-66
2026-09-01 10:39:29,134 INFO o.a.j.t.JMeterThread: Thread started: Thread Group 1-67
2026-09-01 10:39:29,140 INFO o.a.j.t.JMeterThread: Thread is done: Thread Group 1-67
2026-09-01 10:39:29,140 INFO o.a.j.t.JMeterThread: Thread finished: Thread Group 1-67
2026-09-01 10:39:30,934 INFO o.a.j.t.JMeterThread: Thread started: Thread Group 1-68
2026-09-01 10:39:30,939 INFO o.a.j.t.JMeterThread: Thread is done: Thread Group 1-68
2026-09-01 10:39:30,939 INFO o.a.j.t.JMeterThread: Thread finished: Thread Group 1-68
2026-09-01 10:39:32,735 INFO o.a.j.t.JMeterThread: Thread started: Thread Group 1-69
2026-09-01 10:39:32,740 INFO o.a.j.t.JMeterThread: Thread is done: Thread Group 1-69
2026-09-01 10:39:32,740 INFO o.a.j.t.JMeterThread: Thread finished: Thread Group 1-69
2026-09-01 10:39:34,534 INFO o.a.j.t.JMeterThread: Thread started: Thread Group 1-70
2026-09-01 10:39:34,539 INFO o.a.j.t.JMeterThread: Thread is done: Thread Group 1-70
2026-09-01 10:39:34,539 INFO o.a.j.t.JMeterThread: Thread finished: Thread Group 1-70
2026-09-01 10:39:36,335 INFO o.a.j.t.JMeterThread: Thread started: Thread Group 1-71
2026-09-01 10:39:36,340 INFO o.a.j.t.JMeterThread: Thread is done: Thread Group 1-71
2026-09-01 10:39:36,340 INFO o.a.j.t.JMeterThread: Thread finished: Thread Group 1-71
2026-09-01 10:39:38,135 INFO o.a.j.t.JMeterThread: Thread started: Thread Group 1-72
2026-09-01 10:39:38,232 INFO o.a.j.t.JMeterThread: Thread is done: Thread Group 1-72
2026-09-01 10:39:38,233 INFO o.a.j.t.JMeterThread: Thread finished: Thread Group 1-72
2026-09-01 10:39:39,934 INFO o.a.j.t.JMeterThread: Thread started: Thread Group 1-73
2026-09-01 10:39:39,939 INFO o.a.j.t.JMeterThread: Thread is done: Thread Group 1-73
2026-09-01 10:39:39,939 INFO o.a.j.t.JMeterThread: Thread finished: Thread Group 1-73
2026-09-01 10:39:41,735 INFO o.a.j.t.JMeterThread: Thread started: Thread Group 1-74
2026-09-01 10:39:41,739 INFO o.a.j.t.JMeterThread: Thread is done: Thread Group 1-74
2026-09-01 10:39:41,740 INFO o.a.j.t.JMeterThread: Thread finished: Thread Group 1-74
2026-09-01 10:39:43,534 INFO o.a.j.t.JMeterThread: Thread started: Thread Group 1-75
2026-09-01 10:39:43,540 INFO o.a.j.t.JMeterThread: Thread is done: Thread Group 1-75
2026-09-01 10:39:43,540 INFO o.a.j.t.JMeterThread: Thread finished: Thread Group 1-75
2026-09-01 10:39:45,339 INFO o.a.j.t.JMeterThread: Thread started: Thread Group 1-76
2026-09-01 10:39:45,353 INFO o.a.j.t.JMeterThread: Thread is done: Thread Group 1-76
2026-09-01 10:39:45,353 INFO o.a.j.t.JMeterThread: Thread finished: Thread Group 1-76
2026-09-01 10:39:47,139 INFO o.a.j.t.JMeterThread: Thread started: Thread Group 1-77
2026-09-01 10:39:47,145 INFO o.a.j.t.JMeterThread: Thread is done: Thread Group 1-77
2026-09-01 10:39:47,145 INFO o.a.j.t.JMeterThread: Thread finished: Thread Group 1-77
2026-09-01 10:39:48,936 INFO o.a.j.t.JMeterThread: Thread started: Thread Group 1-78
2026-09-01 10:39:48,940 INFO o.a.j.t.JMeterThread: Thread is done: Thread Group 1-78
2026-09-01 10:39:48,940 INFO o.a.j.t.JMeterThread: Thread finished: Thread Group 1-78
2026-09-01 10:39:50,734 INFO o.a.j.t.JMeterThread: Thread started: Thread Group 1-79
2026-09-01 10:39:50,738 INFO o.a.j.t.JMeterThread: Thread is done: Thread Group 1-79
2026-09-01 10:39:50,738 INFO o.a.j.t.JMeterThread: Thread finished: Thread Group 1-79
2026-09-01 10:39:52,534 INFO o.a.j.t.JMeterThread: Thread started: Thread Group 1-80
2026-09-01 10:39:52,539 INFO o.a.j.t.JMeterThread: Thread is done: Thread Group 1-80
2026-09-01 10:39:52,539 INFO o.a.j.t.JMeterThread: Thread finished: Thread Group 1-80
2026-09-01 10:39:54,334 INFO o.a.j.t.JMeterThread: Thread started: Thread Group 1-81
2026-09-01 10:39:54,340 INFO o.a.j.t.JMeterThread: Thread is done: Thread Group 1-81
2026-09-01 10:39:54,340 INFO o.a.j.t.JMeterThread: Thread finished: Thread Group 1-81
2026-09-01 10:39:56,134 INFO o.a.j.t.JMeterThread: Thread started: Thread Group 1-82
2026-09-01 10:39:56,191 INFO o.a.j.t.JMeterThread: Thread is done: Thread Group 1-82
2026-09-01 10:39:56,192 INFO o.a.j.t.JMeterThread: Thread finished: Thread Group 1-82
2026-09-01 10:39:57,935 INFO o.a.j.t.JMeterThread: Thread started: Thread Group 1-83
2026-09-01 10:39:57,946 INFO o.a.j.t.JMeterThread: Thread is done: Thread Group 1-83
2026-09-01 10:39:57,946 INFO o.a.j.t.JMeterThread: Thread finished: Thread Group 1-83
2026-09-01 10:39:59,734 INFO o.a.j.t.JMeterThread: Thread started: Thread Group 1-84
2026-09-01 10:39:59,738 INFO o.a.j.t.JMeterThread: Thread is done: Thread Group 1-84
2026-09-01 10:39:59,738 INFO o.a.j.t.JMeterThread: Thread finished: Thread Group 1-84
2026-09-01 10:40:01,534 INFO o.a.j.t.JMeterThread: Thread started: Thread Group 1-85
2026-09-01 10:40:01,539 INFO o.a.j.t.JMeterThread: Thread is done: Thread Group 1-85
2026-09-01 10:40:01,539 INFO o.a.j.t.JMeterThread: Thread finished: Thread Group 1-85
2026-09-01 10:40:03,334 INFO o.a.j.t.JMeterThread: Thread started: Thread Group 1-86
2026-09-01 10:40:03,338 INFO o.a.j.t.JMeterThread: Thread is done: Thread Group 1-86
2026-09-01 10:40:03,338 INFO o.a.j.t.JMeterThread: Thread finished: Thread Group 1-86
2026-09-01 10:40:05,135 INFO o.a.j.t.JMeterThread: Thread started: Thread Group 1-87
2026-09-01 10:40:05,141 INFO o.a.j.t.JMeterThread: Thread is done: Thread Group 1-87
2026-09-01 10:40:05,141 INFO o.a.j.t.JMeterThread: Thread finished: Thread Group 1-87
2026-09-01 10:40:06,934 INFO o.a.j.t.JMeterThread: Thread started: Thread Group 1-88
2026-09-01 10:40:06,939 INFO o.a.j.t.JMeterThread: Thread is done: Thread Group 1-88
2026-09-01 10:40:06,939 INFO o.a.j.t.JMeterThread: Thread finished: Thread Group 1-88
2026-09-01 10:40:08,735 INFO o.a.j.t.JMeterThread: Thread started: Thread Group 1-89
2026-09-01 10:40:08,739 INFO o.a.j.t.JMeterThread: Thread is done: Thread Group 1-89
2026-09-01 10:40:08,739 INFO o.a.j.t.JMeterThread: Thread finished: Thread Group 1-89
2026-09-01 10:40:10,534 INFO o.a.j.t.JMeterThread: Thread started: Thread Group 1-90
2026-09-01 10:40:10,542 INFO o.a.j.t.JMeterThread: Thread is done: Thread Group 1-90
2026-09-01 10:40:10,542 INFO o.a.j.t.JMeterThread: Thread finished: Thread Group 1-90
2026-09-01 10:40:12,352 INFO o.a.j.t.JMeterThread: Thread started: Thread Group 1-91
2026-09-01 10:40:12,356 INFO o.a.j.t.JMeterThread: Thread is done: Thread Group 1-91
2026-09-01 10:40:12,356 INFO o.a.j.t.JMeterThread: Thread finished: Thread Group 1-91
2026-09-01 10:40:14,134 INFO o.a.j.t.JMeterThread: Thread started: Thread Group 1-92
2026-09-01 10:40:14,138 INFO o.a.j.t.JMeterThread: Thread is done: Thread Group 1-92
2026-09-01 10:40:14,138 INFO o.a.j.t.JMeterThread: Thread finished: Thread Group 1-92
2026-09-01 10:40:15,936 INFO o.a.j.t.JMeterThread: Thread started: Thread Group 1-93
2026-09-01 10:40:15,940 INFO o.a.j.t.JMeterThread: Thread is done: Thread Group 1-93
2026-09-01 10:40:15,940 INFO o.a.j.t.JMeterThread: Thread finished: Thread Group 1-93
2026-09-01 10:40:17,734 INFO o.a.j.t.JMeterThread: Thread started: Thread Group 1-94
2026-09-01 10:40:17,740 INFO o.a.j.t.JMeterThread: Thread is done: Thread Group 1-94
2026-09-01 10:40:17,740 INFO o.a.j.t.JMeterThread: Thread finished: Thread Group 1-94
2026-09-01 10:40:19,535 INFO o.a.j.t.JMeterThread: Thread started: Thread Group 1-95
2026-09-01 10:40:19,540 INFO o.a.j.t.JMeterThread: Thread is done: Thread Group 1-95
2026-09-01 10:40:19,540 INFO o.a.j.t.JMeterThread: Thread finished: Thread Group 1-95
2026-09-01 10:40:21,335 INFO o.a.j.t.JMeterThread: Thread started: Thread Group 1-96
2026-09-01 10:40:21,340 INFO o.a.j.t.JMeterThread: Thread is done: Thread Group 1-96
2026-09-01 10:40:21,340 INFO o.a.j.t.JMeterThread: Thread finished: Thread Group 1-96
2026-09-01 10:40:23,134 INFO o.a.j.t.JMeterThread: Thread started: Thread Group 1-97
2026-09-01 10:40:23,139 INFO o.a.j.t.JMeterThread: Thread is done: Thread Group 1-97
2026-09-01 10:40:23,139 INFO o.a.j.t.JMeterThread: Thread finished: Thread Group 1-97
2026-09-01 10:40:24,934 INFO o.a.j.t.JMeterThread: Thread started: Thread Group 1-98
2026-09-01 10:40:24,938 INFO o.a.j.t.JMeterThread: Thread is done: Thread Group 1-98
2026-09-01 10:40:24,938 INFO o.a.j.t.JMeterThread: Thread finished: Thread Group 1-98
2026-09-01 10:40:26,735 INFO o.a.j.t.JMeterThread: Thread started: Thread Group 1-99
2026-09-01 10:40:26,740 INFO o.a.j.t.JMeterThread: Thread is done: Thread Group 1-99
2026-09-01 10:40:26,740 INFO o.a.j.t.JMeterThread: Thread finished: Thread Group 1-99
2026-09-01 10:40:28,535 INFO o.a.j.t.JMeterThread: Thread started: Thread Group 1-100
2026-09-01 10:40:28,539 INFO o.a.j.t.JMeterThread: Thread is done: Thread Group 1-100
2026-09-01 10:40:28,539 INFO o.a.j.t.JMeterThread: Thread finished: Thread Group 1-100
2026-09-01 10:40:28,540 INFO o.a.j.e.StandardJMeterEngine: Notifying test listeners of end of test
2026-09-01 10:40:28,540 INFO o.a.j.g.u.JMeterMenuBar: setRunning(false, *local*)
